diagnostic_tag,count,sample_scope,derivation,coverage
LOCAL_RANGE_UNCONFIRMED,8,ENGINE-TREND-18B 18 UNKNOWN rows,SIDEWAYS_STRUCTURE and strict range_detected=false,observable
CONFIRMED_RANGE_CONTEXT,10,ENGINE-TREND-18B 18 UNKNOWN rows,SIDEWAYS_STRUCTURE and range_detected=true,observable
RANGE_TREND_CONFLICT,9,ENGINE-TREND-18B 18 UNKNOWN rows,CONFIRMED_RANGE plus directional hypothesis,observable
NO_CAUSAL_HYPOTHESIS,18,ENGINE-TREND-18B 18 UNKNOWN rows,NO_HYPOTHESES or only pending/conflicted without selected hypothesis,observable
LOW_TREND_STRENGTH,3,ENGINE-TREND-20 18 UNKNOWN rows,WEAK_ADX risk flag,observable
NEAR_RESISTANCE,0,ENGINE-TREND-18B/20 UNKNOWN rows,zone distances absent,not_observable
NEAR_SUPPORT,0,ENGINE-TREND-18B/20 UNKNOWN rows,zone distances absent,not_observable
MTF_CONFLICT,0,ENGINE-TREND-18B/20 UNKNOWN rows,multi-timeframe snapshots absent,not_observable
INDICATOR_PRESSURE_WITHOUT_CAUSAL_TRIGGER,0,ENGINE-TREND-18B/20 UNKNOWN rows,vote direction absent or insufficient for causal classification,not_observable
