case_id,symbol,timeframe,actual_start,actual_end,candles,bucket,source,data_quality,baseline_regime,selected_hypothesis,confidence,safety_violation,short_reason
BTCUSDT_15m_2026_07_13_16_00,BTCUSDT,15m,2026-07-12T16:15:00Z,2026-07-13T16:00:00Z,96,TREND_ONLY_DOWN_CANDIDATE,DB_ONLY,PASS,UNKNOWN,,0.25,False,"COMPOSER_CONSERVATIVE_FALLBACK_UNKNOWN, COMPOSER_UNKNOWN_REGIME_SELECTED, COMPOSER_NO_TRADING_ACTION"
SOLUSDT_15m_2026_07_08_06_00,SOLUSDT,15m,2026-07-07T06:15:00Z,2026-07-08T06:00:00Z,96,BASELINE_CONFIRMED_DOWN,DB_ONLY,PASS,DOWN,DOWN_CONTINUATION,0.8532296057430224,False,"COMPOSER_DOMINANT_DOWN_CONTINUATION, COMPOSER_DOWN_REGIME_SELECTED, COMPOSER_NO_TRADING_ACTION"
SOLUSDT_15m_2026_07_08_11_30,SOLUSDT,15m,2026-07-07T11:45:00Z,2026-07-08T11:30:00Z,96,POST_DROP_REBOUND_CONTROL,DB_ONLY,PASS,UNKNOWN,,0.25,False,"COMPOSER_CONSERVATIVE_FALLBACK_UNKNOWN, COMPOSER_UNKNOWN_REGIME_SELECTED, COMPOSER_NO_TRADING_ACTION"
SOLUSDT_15m_2026_07_08_18_30,SOLUSDT,15m,2026-07-07T18:45:00Z,2026-07-08T18:30:00Z,96,TRAP_OR_RANGE_CONFLICT_CONTROL,DB_ONLY,PASS,UNKNOWN,,0.35,False,"COMPOSER_UNRESOLVED_CONFIRMED_HYPOTHESIS_CONFLICT, COMPOSER_UNKNOWN_REGIME_SELECTED, COMPOSER_NO_TRADING_ACTION"
SOLUSDT_15m_2026_07_08_23_45,SOLUSDT,15m,2026-07-08T00:00:00Z,2026-07-08T23:45:00Z,96,BASELINE_CONFIRMED_FLAT,DB_ONLY,PASS,FLAT,CONFIRMED_RANGE,0.6897435897435897,False,"COMPOSER_DOMINANT_CONFIRMED_RANGE, COMPOSER_FLAT_REGIME_SELECTED, COMPOSER_NO_TRADING_ACTION"
BTCUSDT_15m_2025_01_07_15_45,BTCUSDT,15m,2025-01-06T16:00:00Z,2025-01-07T15:45:00Z,96,TREND_ONLY_DOWN_CANDIDATE,DB_ONLY,PASS,DOWN,DOWN_CONTINUATION,0.5666666666666667,False,"COMPOSER_DOMINANT_DOWN_CONTINUATION, COMPOSER_DOWN_REGIME_SELECTED, COMPOSER_NO_TRADING_ACTION"
SOLUSDT_15m_2025_02_06_17_45,SOLUSDT,15m,2025-02-05T18:00:00Z,2025-02-06T17:45:00Z,96,TREND_ONLY_DOWN_CANDIDATE,DB_ONLY,PASS,DOWN,DOWN_CONTINUATION,0.3666666666666667,False,"COMPOSER_DOMINANT_DOWN_CONTINUATION, COMPOSER_DOWN_REGIME_SELECTED, COMPOSER_NO_TRADING_ACTION"
SOLUSDT_15m_2025_03_10_17_45,SOLUSDT,15m,2025-03-09T18:00:00Z,2025-03-10T17:45:00Z,96,TREND_ONLY_DOWN_CANDIDATE,DB_ONLY,PASS,DOWN,DOWN_CONTINUATION,0.3666666666666667,False,"COMPOSER_DOMINANT_DOWN_CONTINUATION, COMPOSER_DOWN_REGIME_SELECTED, COMPOSER_NO_TRADING_ACTION"
SOLUSDT_15m_2025_04_30_13_45,SOLUSDT,15m,2025-04-29T14:00:00Z,2025-04-30T13:45:00Z,96,TREND_ONLY_DOWN_CANDIDATE,DB_ONLY,PASS,DOWN,DOWN_CONTINUATION,0.3666666666666667,False,"COMPOSER_DOMINANT_DOWN_CONTINUATION, COMPOSER_DOWN_REGIME_SELECTED, COMPOSER_NO_TRADING_ACTION"
ETHUSDT_15m_2025_07_01_21_45,ETHUSDT,15m,2025-06-30T22:00:00Z,2025-07-01T21:45:00Z,96,TREND_ONLY_DOWN_CANDIDATE,DB_ONLY,PASS,UNKNOWN,,0.25,False,"COMPOSER_CONSERVATIVE_FALLBACK_UNKNOWN, COMPOSER_UNKNOWN_REGIME_SELECTED, COMPOSER_NO_TRADING_ACTION"
ETHUSDT_15m_2025_08_30_01_45,ETHUSDT,15m,2025-08-29T02:00:00Z,2025-08-30T01:45:00Z,96,TREND_ONLY_DOWN_CANDIDATE,DB_ONLY,PASS,UNKNOWN,,0.35,False,"COMPOSER_UNRESOLVED_CONFIRMED_HYPOTHESIS_CONFLICT, COMPOSER_UNKNOWN_REGIME_SELECTED, COMPOSER_NO_TRADING_ACTION"
BTCUSDT_15m_2025_10_29_13_45,BTCUSDT,15m,2025-10-28T14:00:00Z,2025-10-29T13:45:00Z,96,TREND_ONLY_DOWN_CANDIDATE,DB_ONLY,PASS,FLAT,CONFIRMED_RANGE,0.5380952380952381,False,"COMPOSER_DOMINANT_CONFIRMED_RANGE, COMPOSER_FLAT_REGIME_SELECTED, COMPOSER_NO_TRADING_ACTION"
BTCUSDT_15m_2025_12_01_15_45,BTCUSDT,15m,2025-11-30T16:00:00Z,2025-12-01T15:45:00Z,96,TREND_ONLY_DOWN_CANDIDATE,DB_ONLY,PASS,DOWN,DOWN_CONTINUATION,0.3666666666666667,False,"COMPOSER_DOMINANT_DOWN_CONTINUATION, COMPOSER_DOWN_REGIME_SELECTED, COMPOSER_NO_TRADING_ACTION"
ETHUSDT_15m_2026_02_01_09_45,ETHUSDT,15m,2026-01-31T10:00:00Z,2026-02-01T09:45:00Z,96,TREND_ONLY_DOWN_CANDIDATE,DB_ONLY,PASS,UNKNOWN,,0.25,False,"COMPOSER_CONSERVATIVE_FALLBACK_UNKNOWN, COMPOSER_UNKNOWN_REGIME_SELECTED, COMPOSER_NO_TRADING_ACTION"
BTCUSDT_15m_2026_02_28_07_45,BTCUSDT,15m,2026-02-27T08:00:00Z,2026-02-28T07:45:00Z,96,TREND_ONLY_DOWN_CANDIDATE,DB_ONLY,PASS,DOWN,DOWN_CONTINUATION,0.6166666666666667,False,"COMPOSER_DOMINANT_DOWN_CONTINUATION, COMPOSER_DOWN_REGIME_SELECTED, COMPOSER_NO_TRADING_ACTION"
SOLUSDT_15m_2026_04_23_17_45,SOLUSDT,15m,2026-04-22T18:00:00Z,2026-04-23T17:45:00Z,96,TREND_ONLY_DOWN_CANDIDATE,DB_ONLY,PASS,UNKNOWN,,0.25,False,"COMPOSER_CONSERVATIVE_FALLBACK_UNKNOWN, COMPOSER_UNKNOWN_REGIME_SELECTED, COMPOSER_NO_TRADING_ACTION"
BTCUSDT_15m_2025_01_01_23_45,BTCUSDT,15m,2025-01-01T00:00:00Z,2025-01-01T23:45:00Z,96,RANGE_BEARISH_PRESSURE_CONTROL,DB_ONLY,PASS,FLAT,CONFIRMED_RANGE,0.4802325581395349,False,"COMPOSER_DOMINANT_CONFIRMED_RANGE, COMPOSER_FLAT_REGIME_SELECTED, COMPOSER_NO_TRADING_ACTION"
SOLUSDT_15m_2025_03_09_11_45,SOLUSDT,15m,2025-03-08T12:00:00Z,2025-03-09T11:45:00Z,96,RANGE_BEARISH_PRESSURE_CONTROL,DB_ONLY,PASS,DOWN,DOWN_CONTINUATION,0.3666666666666667,False,"COMPOSER_DOMINANT_DOWN_CONTINUATION, COMPOSER_DOWN_REGIME_SELECTED, COMPOSER_NO_TRADING_ACTION"
SOLUSDT_15m_2025_04_27_11_45,SOLUSDT,15m,2025-04-26T12:00:00Z,2025-04-27T11:45:00Z,96,RANGE_BEARISH_PRESSURE_CONTROL,DB_ONLY,PASS,UNKNOWN,,0.25,False,"COMPOSER_CONSERVATIVE_FALLBACK_UNKNOWN, COMPOSER_UNKNOWN_REGIME_SELECTED, COMPOSER_NO_TRADING_ACTION"
ETHUSDT_15m_2025_06_08_03_45,ETHUSDT,15m,2025-06-07T04:00:00Z,2025-06-08T03:45:00Z,96,RANGE_BEARISH_PRESSURE_CONTROL,DB_ONLY,PASS,DOWN,BEARISH_REVERSAL,0.4,False,"COMPOSER_DOMINANT_BEARISH_REVERSAL, COMPOSER_DOWN_REGIME_SELECTED, COMPOSER_NO_TRADING_ACTION"
BTCUSDT_15m_2025_07_14_23_45,BTCUSDT,15m,2025-07-14T00:00:00Z,2025-07-14T23:45:00Z,96,RANGE_BEARISH_PRESSURE_CONTROL,DB_ONLY,PASS,UNKNOWN,,0.25,False,"COMPOSER_CONSERVATIVE_FALLBACK_UNKNOWN, COMPOSER_UNKNOWN_REGIME_SELECTED, COMPOSER_NO_TRADING_ACTION"
BTCUSDT_15m_2025_08_28_21_45,BTCUSDT,15m,2025-08-27T22:00:00Z,2025-08-28T21:45:00Z,96,RANGE_BEARISH_PRESSURE_CONTROL,DB_ONLY,PASS,UNKNOWN,,0.25,False,"COMPOSER_CONSERVATIVE_FALLBACK_UNKNOWN, COMPOSER_UNKNOWN_REGIME_SELECTED, COMPOSER_NO_TRADING_ACTION"
ETHUSDT_15m_2025_09_30_09_45,ETHUSDT,15m,2025-09-29T10:00:00Z,2025-09-30T09:45:00Z,96,RANGE_BEARISH_PRESSURE_CONTROL,DB_ONLY,PASS,DOWN,DOWN_CONTINUATION,0.3666666666666667,False,"COMPOSER_DOMINANT_DOWN_CONTINUATION, COMPOSER_DOWN_REGIME_SELECTED, COMPOSER_NO_TRADING_ACTION"
ETHUSDT_15m_2025_11_28_11_45,ETHUSDT,15m,2025-11-27T12:00:00Z,2025-11-28T11:45:00Z,96,RANGE_BEARISH_PRESSURE_CONTROL,DB_ONLY,PASS,UNKNOWN,,0.25,False,"COMPOSER_CONSERVATIVE_FALLBACK_UNKNOWN, COMPOSER_UNKNOWN_REGIME_SELECTED, COMPOSER_NO_TRADING_ACTION"
ETHUSDT_15m_2026_01_01_03_45,ETHUSDT,15m,2025-12-31T04:00:00Z,2026-01-01T03:45:00Z,96,RANGE_BEARISH_PRESSURE_CONTROL,DB_ONLY,PASS,FLAT,CONFIRMED_RANGE,0.6782051282051282,False,"COMPOSER_DOMINANT_CONFIRMED_RANGE, COMPOSER_FLAT_REGIME_SELECTED, COMPOSER_NO_TRADING_ACTION"
BTCUSDT_15m_2026_02_15_09_45,BTCUSDT,15m,2026-02-14T10:00:00Z,2026-02-15T09:45:00Z,96,RANGE_BEARISH_PRESSURE_CONTROL,DB_ONLY,PASS,UNKNOWN,,0.25,False,"COMPOSER_CONSERVATIVE_FALLBACK_UNKNOWN, COMPOSER_UNKNOWN_REGIME_SELECTED, COMPOSER_NO_TRADING_ACTION"
ETHUSDT_15m_2026_04_10_03_45,ETHUSDT,15m,2026-04-09T04:00:00Z,2026-04-10T03:45:00Z,96,RANGE_BEARISH_PRESSURE_CONTROL,DB_ONLY,PASS,DOWN,DOWN_CONTINUATION,0.3666666666666667,False,"COMPOSER_DOMINANT_DOWN_CONTINUATION, COMPOSER_DOWN_REGIME_SELECTED, COMPOSER_NO_TRADING_ACTION"
BTCUSDT_15m_2026_05_12_09_45,BTCUSDT,15m,2026-05-11T10:00:00Z,2026-05-12T09:45:00Z,96,RANGE_BEARISH_PRESSURE_CONTROL,DB_ONLY,PASS,UNKNOWN,,0.25,False,"COMPOSER_CONSERVATIVE_FALLBACK_UNKNOWN, COMPOSER_UNKNOWN_REGIME_SELECTED, COMPOSER_NO_TRADING_ACTION"
SOLUSDT_15m_2025_01_02_03_45,SOLUSDT,15m,2025-01-01T04:00:00Z,2025-01-02T03:45:00Z,96,POST_DROP_REBOUND_CONTROL,DB_ONLY,PASS,UP,UP_CONTINUATION,0.3666666666666667,False,"COMPOSER_DOMINANT_UP_CONTINUATION, COMPOSER_UP_REGIME_SELECTED, COMPOSER_NO_TRADING_ACTION"
ETHUSDT_15m_2025_02_28_23_45,ETHUSDT,15m,2025-02-28T00:00:00Z,2025-02-28T23:45:00Z,96,POST_DROP_REBOUND_CONTROL,DB_ONLY,PASS,UNKNOWN,,0.25,False,"COMPOSER_CONSERVATIVE_FALLBACK_UNKNOWN, COMPOSER_UNKNOWN_REGIME_SELECTED, COMPOSER_NO_TRADING_ACTION"
ETHUSDT_15m_2025_04_26_01_45,ETHUSDT,15m,2025-04-25T02:00:00Z,2025-04-26T01:45:00Z,96,POST_DROP_REBOUND_CONTROL,DB_ONLY,PASS,UP,UP_CONTINUATION,0.4166666666666667,False,"COMPOSER_DOMINANT_UP_CONTINUATION, COMPOSER_UP_REGIME_SELECTED, COMPOSER_NO_TRADING_ACTION"
SOLUSDT_15m_2025_07_08_13_45,SOLUSDT,15m,2025-07-07T14:00:00Z,2025-07-08T13:45:00Z,96,POST_DROP_REBOUND_CONTROL,DB_ONLY,PASS,UP,UP_CONTINUATION,0.6166666666666667,False,"COMPOSER_DOMINANT_UP_CONTINUATION, COMPOSER_UP_REGIME_SELECTED, COMPOSER_NO_TRADING_ACTION"
ETHUSDT_15m_2025_09_26_01_45,ETHUSDT,15m,2025-09-25T02:00:00Z,2025-09-26T01:45:00Z,96,POST_DROP_REBOUND_CONTROL,DB_ONLY,PASS,UP,UP_CONTINUATION,0.3666666666666667,False,"COMPOSER_DOMINANT_UP_CONTINUATION, COMPOSER_UP_REGIME_SELECTED, COMPOSER_NO_TRADING_ACTION"
SOLUSDT_15m_2025_12_02_01_45,SOLUSDT,15m,2025-12-01T02:00:00Z,2025-12-02T01:45:00Z,96,POST_DROP_REBOUND_CONTROL,DB_ONLY,PASS,UP,UP_CONTINUATION,0.3666666666666667,False,"COMPOSER_DOMINANT_UP_CONTINUATION, COMPOSER_UP_REGIME_SELECTED, COMPOSER_NO_TRADING_ACTION"
SOLUSDT_15m_2026_02_27_07_45,SOLUSDT,15m,2026-02-26T08:00:00Z,2026-02-27T07:45:00Z,96,POST_DROP_REBOUND_CONTROL,DB_ONLY,PASS,UP,UP_CONTINUATION,0.3666666666666667,False,"COMPOSER_DOMINANT_UP_CONTINUATION, COMPOSER_UP_REGIME_SELECTED, COMPOSER_NO_TRADING_ACTION"
SOLUSDT_15m_2025_01_05_19_45,SOLUSDT,15m,2025-01-04T20:00:00Z,2025-01-05T19:45:00Z,96,TRAP_OR_RANGE_CONFLICT_CONTROL,DB_ONLY,PASS,FLAT,CONFIRMED_RANGE,0.44227642276422763,False,"COMPOSER_DOMINANT_CONFIRMED_RANGE, COMPOSER_FLAT_REGIME_SELECTED, COMPOSER_NO_TRADING_ACTION"
ETHUSDT_15m_2025_03_12_03_45,ETHUSDT,15m,2025-03-11T04:00:00Z,2025-03-12T03:45:00Z,96,TRAP_OR_RANGE_CONFLICT_CONTROL,DB_ONLY,PASS,DOWN,DOWN_CONTINUATION,0.30000000000000004,False,"COMPOSER_DOMINANT_DOWN_CONTINUATION, COMPOSER_DOWN_REGIME_SELECTED, COMPOSER_NO_TRADING_ACTION"
SOLUSDT_15m_2025_05_23_11_45,SOLUSDT,15m,2025-05-22T12:00:00Z,2025-05-23T11:45:00Z,96,TRAP_OR_RANGE_CONFLICT_CONTROL,DB_ONLY,PASS,UP,UP_CONTINUATION,0.7127980490170783,False,"COMPOSER_DOMINANT_UP_CONTINUATION, COMPOSER_UP_REGIME_SELECTED, COMPOSER_NO_TRADING_ACTION"
SOLUSDT_15m_2025_08_15_21_45,SOLUSDT,15m,2025-08-14T22:00:00Z,2025-08-15T21:45:00Z,96,TRAP_OR_RANGE_CONFLICT_CONTROL,DB_ONLY,PASS,UNKNOWN,,0.25,False,"COMPOSER_CONSERVATIVE_FALLBACK_UNKNOWN, COMPOSER_UNKNOWN_REGIME_SELECTED, COMPOSER_NO_TRADING_ACTION"
SOLUSDT_15m_2025_11_07_09_45,SOLUSDT,15m,2025-11-06T10:00:00Z,2025-11-07T09:45:00Z,96,TRAP_OR_RANGE_CONFLICT_CONTROL,DB_ONLY,PASS,FLAT,CONFIRMED_RANGE,0.6872549019607843,False,"COMPOSER_DOMINANT_CONFIRMED_RANGE, COMPOSER_FLAT_REGIME_SELECTED, COMPOSER_NO_TRADING_ACTION"
SOLUSDT_15m_2026_01_14_11_45,SOLUSDT,15m,2026-01-13T12:00:00Z,2026-01-14T11:45:00Z,96,TRAP_OR_RANGE_CONFLICT_CONTROL,DB_ONLY,PASS,UNKNOWN,,0.25,False,"COMPOSER_CONSERVATIVE_FALLBACK_UNKNOWN, COMPOSER_UNKNOWN_REGIME_SELECTED, COMPOSER_NO_TRADING_ACTION"
BTCUSDT_15m_2026_03_14_07_45,BTCUSDT,15m,2026-03-13T08:00:00Z,2026-03-14T07:45:00Z,96,TRAP_OR_RANGE_CONFLICT_CONTROL,DB_ONLY,PASS,UNKNOWN,,0.25,False,"COMPOSER_CONSERVATIVE_FALLBACK_UNKNOWN, COMPOSER_UNKNOWN_REGIME_SELECTED, COMPOSER_NO_TRADING_ACTION"
ETHUSDT_15m_2025_01_01_23_45,ETHUSDT,15m,2025-01-01T00:00:00Z,2025-01-01T23:45:00Z,96,OTHER,DB_ONLY,PASS,UP,UP_CONTINUATION,0.4166666666666667,False,"COMPOSER_DOMINANT_UP_CONTINUATION, COMPOSER_UP_REGIME_SELECTED, COMPOSER_NO_TRADING_ACTION"
ETHUSDT_15m_2025_03_03_07_45,ETHUSDT,15m,2025-03-02T08:00:00Z,2025-03-03T07:45:00Z,96,OTHER,DB_ONLY,PASS,DOWN,DOWN_CONTINUATION,0.3666666666666667,False,"COMPOSER_DOMINANT_DOWN_CONTINUATION, COMPOSER_DOWN_REGIME_SELECTED, COMPOSER_NO_TRADING_ACTION"
SOLUSDT_15m_2025_05_02_03_45,SOLUSDT,15m,2025-05-01T04:00:00Z,2025-05-02T03:45:00Z,96,OTHER,DB_ONLY,PASS,FLAT,CONFIRMED_RANGE,0.7768229166666667,False,"COMPOSER_DOMINANT_CONFIRMED_RANGE, COMPOSER_FLAT_REGIME_SELECTED, COMPOSER_NO_TRADING_ACTION"
ETHUSDT_15m_2025_06_26_01_45,ETHUSDT,15m,2025-06-25T02:00:00Z,2025-06-26T01:45:00Z,96,OTHER,DB_ONLY,PASS,UP,UP_CONTINUATION,0.30000000000000004,False,"COMPOSER_DOMINANT_UP_CONTINUATION, COMPOSER_UP_REGIME_SELECTED, COMPOSER_NO_TRADING_ACTION"
ETHUSDT_15m_2025_08_14_05_45,ETHUSDT,15m,2025-08-13T06:00:00Z,2025-08-14T05:45:00Z,96,OTHER,DB_ONLY,PASS,DOWN,BEARISH_REVERSAL,0.4,False,"COMPOSER_DOMINANT_BEARISH_REVERSAL, COMPOSER_DOWN_REGIME_SELECTED, COMPOSER_NO_TRADING_ACTION"
ETHUSDT_15m_2025_10_02_09_45,ETHUSDT,15m,2025-10-01T10:00:00Z,2025-10-02T09:45:00Z,96,OTHER,DB_ONLY,PASS,UP,UP_CONTINUATION,0.6497242716281324,False,"COMPOSER_DOMINANT_UP_CONTINUATION, COMPOSER_UP_REGIME_SELECTED, COMPOSER_NO_TRADING_ACTION"
BTCUSDT_15m_2025_11_28_09_45,BTCUSDT,15m,2025-11-27T10:00:00Z,2025-11-28T09:45:00Z,96,OTHER,DB_ONLY,PASS,FLAT,CONFIRMED_RANGE,0.691025641025641,False,"COMPOSER_DOMINANT_CONFIRMED_RANGE, COMPOSER_FLAT_REGIME_SELECTED, COMPOSER_NO_TRADING_ACTION"
BTCUSDT_15m_2026_01_12_03_45,BTCUSDT,15m,2026-01-11T04:00:00Z,2026-01-12T03:45:00Z,96,OTHER,DB_ONLY,PASS,UP,UP_CONTINUATION,0.25,False,"COMPOSER_DOMINANT_UP_CONTINUATION, COMPOSER_UP_REGIME_SELECTED, COMPOSER_NO_TRADING_ACTION"
BTCUSDT_15m_2026_03_15_19_45,BTCUSDT,15m,2026-03-14T20:00:00Z,2026-03-15T19:45:00Z,96,OTHER,DB_ONLY,PASS,UNKNOWN,,0.35,False,"COMPOSER_UNRESOLVED_CONFIRMED_HYPOTHESIS_CONFLICT, COMPOSER_UNKNOWN_REGIME_SELECTED, COMPOSER_NO_TRADING_ACTION"
BTCUSDT_15m_2026_04_29_03_45,BTCUSDT,15m,2026-04-28T04:00:00Z,2026-04-29T03:45:00Z,96,OTHER,DB_ONLY,PASS,UP,UP_CONTINUATION,0.4166666666666667,False,"COMPOSER_DOMINANT_UP_CONTINUATION, COMPOSER_UP_REGIME_SELECTED, COMPOSER_NO_TRADING_ACTION"
