candidate_id,symbol,setup_type,direction,entry_time,old_score,score_v2,filter_pass,fail_reasons,old_outcome,net_return_pct,split,short_reason
ET-HED-0001,BTCUSDT,SHORT_DOWN_CONTINUATION_RETEST,SHORT,2025-12-01T13:30:00Z,85.1778,54.8,FAIL,TOO_TIGHT_STOP|WEAK_CONFIRMATION_VOLUME,SL_BEFORE_TP,-0.4977379872781864,OUT_OF_TIME_VALIDATION,TOO_TIGHT_STOP; WEAK_CONFIRMATION_VOLUME
ET-HED-0002,BTCUSDT,SHORT_DOWN_CONTINUATION_RETEST,SHORT,2025-10-30T07:00:00Z,83.9125,0.0,FAIL,TOO_TIGHT_STOP|TARGET_TOO_FAR_WITHOUT_SWING_ANCHOR|WEAK_CONFIRMATION_VOLUME|ENTRY_AFTER_EXHAUSTION|HIGH_RR_LOW_PROBABILITY|SCORE_V2_BELOW_PROVISIONAL_FLOOR,SL_BEFORE_TP,-0.4877050544827907,TRAIN_DESIGN,TOO_TIGHT_STOP; TARGET_TOO_FAR; LATE_ENTRY_AFTER_EXHAUSTION
ET-HED-0003,SOLUSDT,LONG_UP_CONTINUATION_RETEST,LONG,2025-11-15T18:45:00Z,83.5967,58.5,FAIL,TOO_TIGHT_STOP|WEAK_CONFIRMATION_VOLUME,SL_BEFORE_TP,-0.5769684627242095,OUT_OF_TIME_VALIDATION,TOO_TIGHT_STOP; WEAK_CONFIRMATION_VOLUME
ET-HED-0004,SOLUSDT,SHORT_DOWN_CONTINUATION_RETEST,SHORT,2025-07-12T00:15:00Z,83.3357,38.2,FAIL,WEAK_CONFIRMATION_VOLUME|ENTRY_AFTER_EXHAUSTION|SCORE_V2_BELOW_PROVISIONAL_FLOOR,SL_BEFORE_TP,-0.725623535918394,TRAIN_DESIGN,LATE_ENTRY_AFTER_EXHAUSTION; TREND_TOO_OLD; WEAK_CONFIRMATION_VOLUME
ET-HED-0005,BTCUSDT,SHORT_DOWN_CONTINUATION_RETEST,SHORT,2025-07-30T21:15:00Z,83.3101,25.25,FAIL,WEAK_CONFIRMATION_VOLUME|OPPOSING_REVERSAL_TRAP_CONFLICT|ENTRY_AFTER_EXHAUSTION|SCORE_V2_BELOW_PROVISIONAL_FLOOR,SL_BEFORE_TP,-0.4756485530243452,TRAIN_DESIGN,LATE_ENTRY_AFTER_EXHAUSTION; TREND_TOO_OLD; WEAK_CONFIRMATION_VOLUME
ET-HED-0006,BTCUSDT,SHORT_DOWN_CONTINUATION_RETEST,SHORT,2025-10-10T23:15:00Z,83.194,0.0,FAIL,TOO_TIGHT_STOP|WEAK_CONFIRMATION_VOLUME|ENTRY_AFTER_EXHAUSTION|HIGH_RR_LOW_PROBABILITY|SCORE_V2_BELOW_PROVISIONAL_FLOOR,SL_BEFORE_TP,-1.4326877998680072,TRAIN_DESIGN,TOO_TIGHT_STOP; TARGET_TOO_FAR; LATE_ENTRY_AFTER_EXHAUSTION
ET-HED-0007,SOLUSDT,SHORT_DOWN_CONTINUATION_RETEST,SHORT,2025-10-16T11:00:00Z,83.1595,0.0,FAIL,TOO_TIGHT_STOP|WEAK_CONFIRMATION_VOLUME|CONFIRMED_RANGE_CONFLICT|CHOPPY_SIDEWAYS_CONTEXT|HIGH_RR_LOW_PROBABILITY|SCORE_V2_BELOW_PROVISIONAL_FLOOR,SL_BEFORE_TP,-0.8368143192847963,TRAIN_DESIGN,TOO_TIGHT_STOP; TARGET_TOO_FAR; WEAK_CONFIRMATION_VOLUME
ET-HED-0008,SOLUSDT,SHORT_DOWN_CONTINUATION_RETEST,SHORT,2025-10-22T02:30:00Z,83.1316,32.05,FAIL,TOO_TIGHT_STOP|ENTRY_AFTER_EXHAUSTION|SCORE_V2_BELOW_PROVISIONAL_FLOOR,TP_BEFORE_SL,1.2841456762393832,TRAIN_DESIGN,TOO_TIGHT_STOP; LATE_ENTRY_AFTER_EXHAUSTION; TREND_TOO_OLD
ET-HED-0009,BTCUSDT,SHORT_DOWN_CONTINUATION_RETEST,SHORT,2025-10-14T11:45:00Z,83.0534,87.1,PASS,,TP_BEFORE_SL,0.946110791997719,TRAIN_DESIGN,causal geometry passed without v2 penalty
ET-HED-0010,BTCUSDT,LONG_UP_CONTINUATION_RETEST,LONG,2025-08-31T05:00:00Z,83.042,78.7,PASS,,SL_BEFORE_TP,-0.3976646298459763,TRAIN_DESIGN,causal geometry passed without v2 penalty
ET-HED-0011,SOLUSDT,SHORT_DOWN_CONTINUATION_RETEST,SHORT,2025-11-02T17:15:00Z,82.9454,55.2,FAIL,TOO_TIGHT_STOP|WEAK_CONFIRMATION_VOLUME,SL_BEFORE_TP,-0.5676845761147001,OUT_OF_TIME_VALIDATION,TOO_TIGHT_STOP; WEAK_CONFIRMATION_VOLUME
ET-HED-0012,BTCUSDT,SHORT_DOWN_CONTINUATION_RETEST,SHORT,2025-07-20T23:00:00Z,82.8117,60.2,FAIL,TOO_TIGHT_STOP,SL_BEFORE_TP,-0.4323355589503739,TRAIN_DESIGN,TOO_TIGHT_STOP
ET-HED-0013,SOLUSDT,RANGE_MEAN_REVERSION_CANDIDATE,SHORT,2025-12-02T11:15:00Z,82.7793,74.05,PASS,,SL_BEFORE_TP,-0.6552962838629051,OUT_OF_TIME_VALIDATION,causal geometry passed without v2 penalty
ET-HED-0014,SOLUSDT,SHORT_DOWN_CONTINUATION_RETEST,SHORT,2025-07-18T17:45:00Z,82.6846,31.15,FAIL,TOO_TIGHT_STOP|WEAK_CONFIRMATION_VOLUME|ENTRY_AFTER_EXHAUSTION|SCORE_V2_BELOW_PROVISIONAL_FLOOR,TP_BEFORE_SL,1.7937273796851338,TRAIN_DESIGN,TOO_TIGHT_STOP; LATE_ENTRY_AFTER_EXHAUSTION; TREND_TOO_OLD
ET-HED-0015,ETHUSDT,LONG_UP_CONTINUATION_RETEST,LONG,2025-07-27T06:45:00Z,82.6576,50.85,FAIL,TOO_TIGHT_STOP|WEAK_CONFIRMATION_VOLUME|SCORE_V2_BELOW_PROVISIONAL_FLOOR,SL_BEFORE_TP,-0.430130595776553,TRAIN_DESIGN,TOO_TIGHT_STOP; WEAK_CONFIRMATION_VOLUME
ET-HED-0016,SOLUSDT,SHORT_DOWN_CONTINUATION_RETEST,SHORT,2025-10-29T19:30:00Z,82.4918,80.3,FAIL,WEAK_CONFIRMATION_VOLUME,SL_BEFORE_TP,-1.1104189200329677,TRAIN_DESIGN,WEAK_CONFIRMATION_VOLUME
ET-HED-0017,ETHUSDT,SHORT_DOWN_CONTINUATION_RETEST,SHORT,2025-12-14T13:00:00Z,82.4736,67.9,PASS,,TP_BEFORE_SL,1.3262215107760347,OUT_OF_TIME_VALIDATION,TARGET_TOO_FAR
ET-HED-0018,SOLUSDT,SHORT_DOWN_CONTINUATION_RETEST,SHORT,2025-10-28T23:15:00Z,82.3743,51.6,FAIL,WEAK_CONFIRMATION_VOLUME|ENTRY_AFTER_EXHAUSTION|SCORE_V2_BELOW_PROVISIONAL_FLOOR,SL_BEFORE_TP,-0.8537656538085203,TRAIN_DESIGN,LATE_ENTRY_AFTER_EXHAUSTION; TREND_TOO_OLD; WEAK_CONFIRMATION_VOLUME
ET-HED-0019,SOLUSDT,SHORT_DOWN_CONTINUATION_RETEST,SHORT,2025-08-14T14:45:00Z,82.3721,86.2,PASS,,NEITHER_EXPIRED,3.5334888221215035,TRAIN_DESIGN,causal geometry passed without v2 penalty
ET-HED-0020,SOLUSDT,RANGE_MEAN_REVERSION_CANDIDATE,SHORT,2025-11-17T05:15:00Z,82.3473,46.05,FAIL,TOO_TIGHT_STOP|WEAK_CONFIRMATION_VOLUME|SCORE_V2_BELOW_PROVISIONAL_FLOOR,SL_BEFORE_TP,-0.6252823684773992,OUT_OF_TIME_VALIDATION,TOO_TIGHT_STOP; WEAK_CONFIRMATION_VOLUME
ET-HED-0021,SOLUSDT,LONG_UP_CONTINUATION_RETEST,LONG,2025-11-03T01:15:00Z,82.3325,90.85,PASS,,SL_BEFORE_TP,-0.6586141909246541,OUT_OF_TIME_VALIDATION,causal geometry passed without v2 penalty
ET-HED-0022,SOLUSDT,SHORT_DOWN_CONTINUATION_RETEST,SHORT,2025-11-25T16:45:00Z,82.3266,38.65,FAIL,WEAK_CONFIRMATION_VOLUME|ENTRY_AFTER_EXHAUSTION|SCORE_V2_BELOW_PROVISIONAL_FLOOR,SL_BEFORE_TP,-0.8292097859551503,OUT_OF_TIME_VALIDATION,LATE_ENTRY_AFTER_EXHAUSTION; TREND_TOO_OLD; WEAK_CONFIRMATION_VOLUME
ET-HED-0023,BTCUSDT,SHORT_DOWN_CONTINUATION_RETEST,SHORT,2025-12-14T13:00:00Z,82.255,78.2,FAIL,WEAK_CONFIRMATION_VOLUME,TP_BEFORE_SL,0.592345148501666,OUT_OF_TIME_VALIDATION,WEAK_CONFIRMATION_VOLUME
ET-HED-0024,ETHUSDT,SHORT_DOWN_CONTINUATION_RETEST,SHORT,2025-11-05T04:00:00Z,82.0368,0.0,FAIL,TOO_TIGHT_STOP|TARGET_TOO_FAR_WITHOUT_SWING_ANCHOR|WEAK_CONFIRMATION_VOLUME|ENTRY_AFTER_EXHAUSTION|HIGH_RR_LOW_PROBABILITY|SCORE_V2_BELOW_PROVISIONAL_FLOOR,SL_BEFORE_TP,-0.8367672181190724,OUT_OF_TIME_VALIDATION,TOO_TIGHT_STOP; TARGET_TOO_FAR; LATE_ENTRY_AFTER_EXHAUSTION
ET-HED-0025,SOLUSDT,SHORT_DOWN_CONTINUATION_RETEST,SHORT,2025-09-25T19:15:00Z,82.0063,59.65,FAIL,TOO_TIGHT_STOP,SL_BEFORE_TP,-0.74198801245981,TRAIN_DESIGN,TOO_TIGHT_STOP
ET-HED-0026,ETHUSDT,SHORT_DOWN_CONTINUATION_RETEST,SHORT,2025-08-10T10:15:00Z,82.004,50.85,FAIL,WEAK_CONFIRMATION_VOLUME|ENTRY_AFTER_EXHAUSTION|SCORE_V2_BELOW_PROVISIONAL_FLOOR,TP_BEFORE_SL,1.1409044034848574,TRAIN_DESIGN,LATE_ENTRY_AFTER_EXHAUSTION; TREND_TOO_OLD; WEAK_CONFIRMATION_VOLUME
ET-HED-0027,SOLUSDT,SHORT_DOWN_CONTINUATION_RETEST,SHORT,2025-10-08T05:15:00Z,81.9883,77.15,FAIL,WEAK_CONFIRMATION_VOLUME,SL_BEFORE_TP,-0.6590714500204714,TRAIN_DESIGN,WEAK_CONFIRMATION_VOLUME
ET-HED-0028,SOLUSDT,SHORT_DOWN_CONTINUATION_RETEST,SHORT,2025-09-22T18:15:00Z,81.9824,56.55,FAIL,TOO_TIGHT_STOP|WEAK_CONFIRMATION_VOLUME,TP_BEFORE_SL,1.118695652173913,TRAIN_DESIGN,TOO_TIGHT_STOP; WEAK_CONFIRMATION_VOLUME
ET-HED-0029,BTCUSDT,LONG_UP_CONTINUATION_RETEST,LONG,2025-09-18T06:00:00Z,81.9458,23.6,FAIL,TOO_TIGHT_STOP|WEAK_CONFIRMATION_VOLUME|ENTRY_AFTER_EXHAUSTION|SCORE_V2_BELOW_PROVISIONAL_FLOOR,SL_BEFORE_TP,-0.3564895875670326,TRAIN_DESIGN,TOO_TIGHT_STOP; LATE_ENTRY_AFTER_EXHAUSTION; TREND_TOO_OLD
ET-HED-0030,ETHUSDT,SHORT_DOWN_CONTINUATION_RETEST,SHORT,2025-12-09T12:15:00Z,81.9434,62.75,FAIL,TOO_TIGHT_STOP,SL_BEFORE_TP,-0.43007221457473,OUT_OF_TIME_VALIDATION,TOO_TIGHT_STOP
ET-HED-0031,BTCUSDT,SHORT_DOWN_CONTINUATION_RETEST,SHORT,2025-08-29T04:00:00Z,81.88,58.65,FAIL,TOO_TIGHT_STOP|WEAK_CONFIRMATION_VOLUME,TP_BEFORE_SL,0.11984313217144227,TRAIN_DESIGN,TOO_TIGHT_STOP; WEAK_CONFIRMATION_VOLUME
ET-HED-0032,SOLUSDT,RANGE_MEAN_REVERSION_CANDIDATE,SHORT,2025-10-12T12:45:00Z,81.8745,79.45,PASS,,SL_BEFORE_TP,-0.9088596980510539,TRAIN_DESIGN,causal geometry passed without v2 penalty
ET-HED-0033,ETHUSDT,SHORT_DOWN_CONTINUATION_RETEST,SHORT,2025-10-21T07:45:00Z,81.8083,21.05,FAIL,TOO_TIGHT_STOP|WEAK_CONFIRMATION_VOLUME|ENTRY_AFTER_EXHAUSTION|SCORE_V2_BELOW_PROVISIONAL_FLOOR,SL_BEFORE_TP,-0.5032040525911198,TRAIN_DESIGN,TOO_TIGHT_STOP; LATE_ENTRY_AFTER_EXHAUSTION; TREND_TOO_OLD
ET-HED-0034,SOLUSDT,SHORT_DOWN_CONTINUATION_RETEST,SHORT,2025-10-26T04:30:00Z,81.7776,50.85,FAIL,TOO_TIGHT_STOP|WEAK_CONFIRMATION_VOLUME|SCORE_V2_BELOW_PROVISIONAL_FLOOR,SL_BEFORE_TP,-0.4154388791140531,TRAIN_DESIGN,TOO_TIGHT_STOP; WEAK_CONFIRMATION_VOLUME
ET-HED-0035,SOLUSDT,LONG_UP_CONTINUATION_RETEST,LONG,2025-08-24T03:30:00Z,81.7719,92.8,PASS,,SL_BEFORE_TP,-0.8952122132642257,TRAIN_DESIGN,causal geometry passed without v2 penalty
ET-HED-0036,BTCUSDT,SHORT_DOWN_CONTINUATION_RETEST,SHORT,2025-12-06T21:15:00Z,81.6592,91.0,PASS,,TP_BEFORE_SL,0.21887593721811877,OUT_OF_TIME_VALIDATION,causal geometry passed without v2 penalty
ET-HED-0037,BTCUSDT,SHORT_DOWN_CONTINUATION_RETEST,SHORT,2025-09-06T21:30:00Z,81.6183,68.45,FAIL,TOO_TIGHT_STOP,SL_BEFORE_TP,-0.2914154641281581,TRAIN_DESIGN,TOO_TIGHT_STOP
ET-HED-0038,BTCUSDT,SHORT_DOWN_CONTINUATION_RETEST,SHORT,2025-09-15T03:30:00Z,81.6089,48.6,FAIL,WEAK_CONFIRMATION_VOLUME|ENTRY_AFTER_EXHAUSTION|SCORE_V2_BELOW_PROVISIONAL_FLOOR,SL_BEFORE_TP,-0.39715076553188045,TRAIN_DESIGN,LATE_ENTRY_AFTER_EXHAUSTION; TREND_TOO_OLD; WEAK_CONFIRMATION_VOLUME
ET-HED-0039,BTCUSDT,LONG_UP_CONTINUATION_RETEST,LONG,2025-09-07T05:00:00Z,81.6051,77.3,FAIL,WEAK_CONFIRMATION_VOLUME,SL_BEFORE_TP,-0.3131686780285659,TRAIN_DESIGN,WEAK_CONFIRMATION_VOLUME
ET-HED-0040,BTCUSDT,SHORT_DOWN_CONTINUATION_RETEST,SHORT,2025-10-09T18:15:00Z,81.5909,80.3,FAIL,WEAK_CONFIRMATION_VOLUME,SL_BEFORE_TP,-0.5839927693093716,TRAIN_DESIGN,WEAK_CONFIRMATION_VOLUME
ET-HED-0041,BTCUSDT,LONG_UP_CONTINUATION_RETEST,LONG,2025-09-05T09:45:00Z,81.5894,62.45,FAIL,ENTRY_AFTER_EXHAUSTION,AMBIGUOUS_INTRACANDLE,,TRAIN_DESIGN,LATE_ENTRY_AFTER_EXHAUSTION; TREND_TOO_OLD
ET-HED-0042,ETHUSDT,SHORT_DOWN_CONTINUATION_RETEST,SHORT,2025-08-10T15:30:00Z,81.5126,85.15,PASS,,SL_BEFORE_TP,-0.7659423339979229,TRAIN_DESIGN,causal geometry passed without v2 penalty
ET-HED-0043,ETHUSDT,LONG_UP_CONTINUATION_RETEST,LONG,2025-10-03T04:15:00Z,81.5061,77.45,FAIL,WEAK_CONFIRMATION_VOLUME,SL_BEFORE_TP,-0.6145348758382394,TRAIN_DESIGN,WEAK_CONFIRMATION_VOLUME
ET-HED-0044,SOLUSDT,SHORT_DOWN_CONTINUATION_RETEST,SHORT,2025-11-21T08:30:00Z,81.4511,80.95,PASS,,TP_BEFORE_SL,4.440187207488289,OUT_OF_TIME_VALIDATION,causal geometry passed without v2 penalty
ET-HED-0045,SOLUSDT,LONG_UP_CONTINUATION_RETEST,LONG,2025-08-10T05:45:00Z,81.4355,87.4,PASS,,SL_BEFORE_TP,-0.7838078117312737,TRAIN_DESIGN,causal geometry passed without v2 penalty
ET-HED-0046,BTCUSDT,SHORT_DOWN_CONTINUATION_RETEST,SHORT,2025-10-11T21:45:00Z,81.379,56.1,FAIL,TOO_TIGHT_STOP|WEAK_CONFIRMATION_VOLUME,SL_BEFORE_TP,-0.5550701117912239,TRAIN_DESIGN,TOO_TIGHT_STOP; WEAK_CONFIRMATION_VOLUME
ET-HED-0047,SOLUSDT,SHORT_DOWN_CONTINUATION_RETEST,SHORT,2025-08-07T18:15:00Z,81.3783,77.6,FAIL,WEAK_CONFIRMATION_VOLUME,SL_BEFORE_TP,-0.644151710059175,TRAIN_DESIGN,WEAK_CONFIRMATION_VOLUME
ET-HED-0048,ETHUSDT,LONG_UP_CONTINUATION_RETEST,LONG,2025-11-10T00:00:00Z,81.3701,87.7,PASS,,SL_BEFORE_TP,-0.8026331816177669,OUT_OF_TIME_VALIDATION,causal geometry passed without v2 penalty
ET-HED-0049,ETHUSDT,LONG_UP_CONTINUATION_RETEST,LONG,2025-08-28T09:30:00Z,81.3643,70.25,FAIL,TOO_TIGHT_STOP,SL_BEFORE_TP,-0.521455207139586,TRAIN_DESIGN,TOO_TIGHT_STOP
ET-HED-0050,ETHUSDT,RANGE_MEAN_REVERSION_CANDIDATE,SHORT,2025-11-18T11:15:00Z,81.3495,45.15,FAIL,TOO_TIGHT_STOP|WEAK_CONFIRMATION_VOLUME|SCORE_V2_BELOW_PROVISIONAL_FLOOR,SL_BEFORE_TP,-0.6316427099950395,OUT_OF_TIME_VALIDATION,TOO_TIGHT_STOP; WEAK_CONFIRMATION_VOLUME
ET-HED-0051,SOLUSDT,RANGE_MEAN_REVERSION_CANDIDATE,SHORT,2025-09-07T03:45:00Z,81.3145,64.85,FAIL,WEAK_CONFIRMATION_VOLUME,SL_BEFORE_TP,-0.4428898978937511,TRAIN_DESIGN,WEAK_CONFIRMATION_VOLUME
ET-HED-0052,ETHUSDT,SHORT_DOWN_CONTINUATION_RETEST,SHORT,2025-11-29T19:45:00Z,81.2893,78.2,FAIL,WEAK_CONFIRMATION_VOLUME,SL_BEFORE_TP,-0.5845510120225705,OUT_OF_TIME_VALIDATION,WEAK_CONFIRMATION_VOLUME
ET-HED-0053,BTCUSDT,SHORT_DOWN_CONTINUATION_RETEST,SHORT,2025-07-04T18:15:00Z,81.2212,32.8,FAIL,TOO_TIGHT_STOP|WEAK_CONFIRMATION_VOLUME|ENTRY_AFTER_EXHAUSTION|SCORE_V2_BELOW_PROVISIONAL_FLOOR,TP_BEFORE_SL,0.18643770931321912,TRAIN_DESIGN,TOO_TIGHT_STOP; LATE_ENTRY_AFTER_EXHAUSTION; TREND_TOO_OLD
ET-HED-0054,BTCUSDT,SHORT_DOWN_CONTINUATION_RETEST,SHORT,2025-08-19T05:15:00Z,81.2079,92.5,PASS,,SL_BEFORE_TP,-0.5198600871297914,TRAIN_DESIGN,causal geometry passed without v2 penalty
ET-HED-0055,BTCUSDT,SHORT_DOWN_CONTINUATION_RETEST,SHORT,2025-11-02T17:30:00Z,81.1947,61.5,FAIL,TOO_TIGHT_STOP|WEAK_CONFIRMATION_VOLUME,SL_BEFORE_TP,-0.36228938277551265,OUT_OF_TIME_VALIDATION,TOO_TIGHT_STOP; WEAK_CONFIRMATION_VOLUME
ET-HED-0056,ETHUSDT,LONG_UP_CONTINUATION_RETEST,LONG,2025-09-29T02:15:00Z,81.121,32.35,FAIL,TOO_TIGHT_STOP|WEAK_CONFIRMATION_VOLUME|ENTRY_AFTER_EXHAUSTION|SCORE_V2_BELOW_PROVISIONAL_FLOOR,SL_BEFORE_TP,-0.4599613342203408,TRAIN_DESIGN,TOO_TIGHT_STOP; LATE_ENTRY_AFTER_EXHAUSTION; TREND_TOO_OLD
ET-HED-0057,SOLUSDT,SHORT_DOWN_CONTINUATION_RETEST,SHORT,2025-09-19T19:45:00Z,81.1068,75.35,FAIL,WEAK_CONFIRMATION_VOLUME,SL_BEFORE_TP,-0.6031077688319442,TRAIN_DESIGN,WEAK_CONFIRMATION_VOLUME
ET-HED-0058,BTCUSDT,SHORT_DOWN_CONTINUATION_RETEST,SHORT,2025-08-01T21:15:00Z,81.1028,68.0,FAIL,TOO_TIGHT_STOP,TP_BEFORE_SL,0.3665580854328002,TRAIN_DESIGN,TOO_TIGHT_STOP
ET-HED-0059,SOLUSDT,SHORT_DOWN_CONTINUATION_RETEST,SHORT,2025-07-17T05:15:00Z,81.1006,75.35,FAIL,WEAK_CONFIRMATION_VOLUME,SL_BEFORE_TP,-0.7262408390461116,TRAIN_DESIGN,WEAK_CONFIRMATION_VOLUME
ET-HED-0060,BTCUSDT,LONG_UP_CONTINUATION_RETEST,LONG,2025-10-19T20:30:00Z,81.0902,68.45,FAIL,TOO_TIGHT_STOP,SL_BEFORE_TP,-0.3876990826760321,TRAIN_DESIGN,TOO_TIGHT_STOP
ET-HED-0061,BTCUSDT,LONG_UP_CONTINUATION_RETEST,LONG,2025-11-01T05:30:00Z,81.0494,56.85,FAIL,TOO_TIGHT_STOP|WEAK_CONFIRMATION_VOLUME,SL_BEFORE_TP,-0.35598376604800297,OUT_OF_TIME_VALIDATION,TOO_TIGHT_STOP; WEAK_CONFIRMATION_VOLUME
ET-HED-0062,SOLUSDT,SHORT_DOWN_CONTINUATION_RETEST,SHORT,2025-07-15T09:45:00Z,81.043,57.45,FAIL,TOO_TIGHT_STOP|WEAK_CONFIRMATION_VOLUME,SL_BEFORE_TP,-0.5274968791126169,TRAIN_DESIGN,TOO_TIGHT_STOP; WEAK_CONFIRMATION_VOLUME
ET-HED-0063,ETHUSDT,LONG_UP_CONTINUATION_RETEST,LONG,2025-09-26T20:00:00Z,80.9914,78.2,FAIL,WEAK_CONFIRMATION_VOLUME,SL_BEFORE_TP,-0.7362533256131227,TRAIN_DESIGN,WEAK_CONFIRMATION_VOLUME
ET-HED-0064,BTCUSDT,RANGE_MEAN_REVERSION_CANDIDATE,SHORT,2025-12-16T19:00:00Z,80.9686,58.55,FAIL,TOO_TIGHT_STOP,TP_BEFORE_SL,1.008805507468278,OUT_OF_TIME_VALIDATION,TOO_TIGHT_STOP
ET-HED-0065,BTCUSDT,SHORT_DOWN_CONTINUATION_RETEST,SHORT,2025-11-19T08:45:00Z,80.955,45.3,FAIL,WEAK_CONFIRMATION_VOLUME|ENTRY_AFTER_EXHAUSTION|SCORE_V2_BELOW_PROVISIONAL_FLOOR,SL_BEFORE_TP,-0.767432882489081,OUT_OF_TIME_VALIDATION,LATE_ENTRY_AFTER_EXHAUSTION; TREND_TOO_OLD; WEAK_CONFIRMATION_VOLUME
ET-HED-0066,BTCUSDT,SHORT_DOWN_CONTINUATION_RETEST,SHORT,2025-11-16T15:00:00Z,80.9418,60.0,FAIL,TOO_TIGHT_STOP|WEAK_CONFIRMATION_VOLUME,TP_BEFORE_SL,0.1930002167879818,OUT_OF_TIME_VALIDATION,TOO_TIGHT_STOP; WEAK_CONFIRMATION_VOLUME
ET-HED-0067,SOLUSDT,RANGE_MEAN_REVERSION_CANDIDATE,LONG,2025-10-05T19:30:00Z,80.9328,63.2,FAIL,WEAK_CONFIRMATION_VOLUME,SL_BEFORE_TP,-0.6970407864133139,TRAIN_DESIGN,WEAK_CONFIRMATION_VOLUME
ET-HED-0068,SOLUSDT,SHORT_DOWN_CONTINUATION_RETEST,SHORT,2025-11-13T04:00:00Z,80.9249,85.0,PASS,,SL_BEFORE_TP,-1.3010920041469451,OUT_OF_TIME_VALIDATION,causal geometry passed without v2 penalty
ET-HED-0069,SOLUSDT,SHORT_DOWN_CONTINUATION_RETEST,SHORT,2025-10-30T21:30:00Z,80.8673,59.85,FAIL,TOO_TIGHT_STOP,SL_BEFORE_TP,-0.7748247361477589,TRAIN_DESIGN,TOO_TIGHT_STOP; WEAK_CONFIRMATION_VOLUME
ET-HED-0070,BTCUSDT,SHORT_DOWN_CONTINUATION_RETEST,SHORT,2025-12-17T06:45:00Z,80.843,90.7,PASS,,SL_BEFORE_TP,-0.51540606528119,OUT_OF_TIME_VALIDATION,causal geometry passed without v2 penalty
ET-HED-0071,SOLUSDT,LONG_UP_CONTINUATION_RETEST,LONG,2025-08-09T07:15:00Z,80.8301,76.55,FAIL,WEAK_CONFIRMATION_VOLUME,TP_BEFORE_SL,0.836521835636201,TRAIN_DESIGN,WEAK_CONFIRMATION_VOLUME
ET-HED-0072,SOLUSDT,SHORT_DOWN_CONTINUATION_RETEST,SHORT,2025-11-28T06:00:00Z,80.7922,24.7,FAIL,TOO_TIGHT_STOP|WEAK_CONFIRMATION_VOLUME|ENTRY_AFTER_EXHAUSTION|SCORE_V2_BELOW_PROVISIONAL_FLOOR,TP_BEFORE_SL,0.48665099380210175,OUT_OF_TIME_VALIDATION,TOO_TIGHT_STOP; LATE_ENTRY_AFTER_EXHAUSTION; TREND_TOO_OLD
ET-HED-0073,BTCUSDT,LONG_UP_CONTINUATION_RETEST,LONG,2025-11-10T02:15:00Z,80.7464,90.85,PASS,,SL_BEFORE_TP,-0.5668525474782189,OUT_OF_TIME_VALIDATION,causal geometry passed without v2 penalty
ET-HED-0074,BTCUSDT,LONG_UP_CONTINUATION_RETEST,LONG,2025-08-14T02:45:00Z,80.7463,53.55,FAIL,WEAK_CONFIRMATION_VOLUME|ENTRY_AFTER_EXHAUSTION,SL_BEFORE_TP,-0.5507536841780685,TRAIN_DESIGN,LATE_ENTRY_AFTER_EXHAUSTION; TREND_TOO_OLD; WEAK_CONFIRMATION_VOLUME
ET-HED-0075,BTCUSDT,SHORT_DOWN_CONTINUATION_RETEST,SHORT,2025-12-16T04:15:00Z,80.7383,61.5,FAIL,TOO_TIGHT_STOP|WEAK_CONFIRMATION_VOLUME,TP_BEFORE_SL,0.2425290812903108,OUT_OF_TIME_VALIDATION,TOO_TIGHT_STOP; WEAK_CONFIRMATION_VOLUME
ET-HED-0076,SOLUSDT,RANGE_MEAN_REVERSION_CANDIDATE,LONG,2025-10-27T23:30:00Z,80.719,76.0,PASS,,TP_BEFORE_SL,1.433474875182814,TRAIN_DESIGN,causal geometry passed without v2 penalty
ET-HED-0077,SOLUSDT,RANGE_MEAN_REVERSION_CANDIDATE,LONG,2025-07-25T00:00:00Z,80.6962,67.0,PASS,,SL_BEFORE_TP,-0.8101914310712531,TRAIN_DESIGN,causal geometry passed without v2 penalty
ET-HED-0078,SOLUSDT,SHORT_DOWN_CONTINUATION_RETEST,SHORT,2025-07-18T22:00:00Z,80.6923,77.3,FAIL,WEAK_CONFIRMATION_VOLUME,SL_BEFORE_TP,-0.9474668352560152,TRAIN_DESIGN,WEAK_CONFIRMATION_VOLUME
ET-HED-0079,SOLUSDT,SHORT_DOWN_CONTINUATION_RETEST,SHORT,2025-10-08T01:15:00Z,80.6833,80.9,FAIL,WEAK_CONFIRMATION_VOLUME,SL_BEFORE_TP,-0.8432259143439766,TRAIN_DESIGN,WEAK_CONFIRMATION_VOLUME
ET-HED-0080,ETHUSDT,LONG_UP_CONTINUATION_RETEST,LONG,2025-08-31T06:00:00Z,80.6729,51.15,FAIL,WEAK_CONFIRMATION_VOLUME|ENTRY_AFTER_EXHAUSTION|SCORE_V2_BELOW_PROVISIONAL_FLOOR,SL_BEFORE_TP,-0.517426518915828,TRAIN_DESIGN,LATE_ENTRY_AFTER_EXHAUSTION; TREND_TOO_OLD; WEAK_CONFIRMATION_VOLUME
ET-HED-0081,SOLUSDT,RANGE_MEAN_REVERSION_CANDIDATE,SHORT,2025-10-01T02:15:00Z,80.6441,56.0,FAIL,TOO_TIGHT_STOP,TP_BEFORE_SL,1.0990381126693556,TRAIN_DESIGN,TOO_TIGHT_STOP
ET-HED-0082,ETHUSDT,SHORT_DOWN_CONTINUATION_RETEST,SHORT,2025-11-08T15:00:00Z,80.6303,77.75,FAIL,WEAK_CONFIRMATION_VOLUME,TP_BEFORE_SL,0.5441706938998772,OUT_OF_TIME_VALIDATION,WEAK_CONFIRMATION_VOLUME
ET-HED-0083,SOLUSDT,LONG_UP_CONTINUATION_RETEST,LONG,2025-07-26T11:15:00Z,80.5879,92.5,PASS,,SL_BEFORE_TP,-0.5889526318582269,TRAIN_DESIGN,causal geometry passed without v2 penalty
ET-HED-0084,BTCUSDT,SHORT_DOWN_CONTINUATION_RETEST,SHORT,2025-08-19T08:30:00Z,80.5476,61.65,FAIL,TOO_TIGHT_STOP,SL_BEFORE_TP,-0.394697479404804,TRAIN_DESIGN,TOO_TIGHT_STOP; WEAK_CONFIRMATION_VOLUME
ET-HED-0085,ETHUSDT,SHORT_DOWN_CONTINUATION_RETEST,SHORT,2025-07-30T21:15:00Z,80.5441,48.15,FAIL,WEAK_CONFIRMATION_VOLUME|ENTRY_AFTER_EXHAUSTION|SCORE_V2_BELOW_PROVISIONAL_FLOOR,SL_BEFORE_TP,-0.9121127078498313,TRAIN_DESIGN,LATE_ENTRY_AFTER_EXHAUSTION; TREND_TOO_OLD; WEAK_CONFIRMATION_VOLUME
ET-HED-0086,ETHUSDT,SHORT_DOWN_CONTINUATION_RETEST,SHORT,2025-10-08T05:15:00Z,80.5432,78.5,PASS,,SL_BEFORE_TP,-0.6932424292972537,TRAIN_DESIGN,WEAK_CONFIRMATION_VOLUME
ET-HED-0087,ETHUSDT,SHORT_DOWN_CONTINUATION_RETEST,SHORT,2025-08-16T11:30:00Z,80.5294,89.8,PASS,,SL_BEFORE_TP,-0.721086242179588,TRAIN_DESIGN,causal geometry passed without v2 penalty
ET-HED-0088,ETHUSDT,SHORT_DOWN_CONTINUATION_RETEST,SHORT,2025-09-10T21:30:00Z,80.505,54.75,FAIL,WEAK_CONFIRMATION_VOLUME|ENTRY_AFTER_EXHAUSTION,SL_BEFORE_TP,-0.5496941583436474,TRAIN_DESIGN,LATE_ENTRY_AFTER_EXHAUSTION; TREND_TOO_OLD; WEAK_CONFIRMATION_VOLUME
ET-HED-0089,SOLUSDT,LONG_UP_CONTINUATION_RETEST,LONG,2025-09-10T14:45:00Z,80.5045,80.3,PASS,,SL_BEFORE_TP,-0.9152233342277111,TRAIN_DESIGN,WEAK_CONFIRMATION_VOLUME
ET-HED-0090,BTCUSDT,LONG_UP_CONTINUATION_RETEST,LONG,2025-08-03T12:30:00Z,80.4905,83.65,PASS,,SL_BEFORE_TP,-0.3743179361619815,TRAIN_DESIGN,causal geometry passed without v2 penalty
ET-HED-0091,SOLUSDT,SHORT_DOWN_CONTINUATION_RETEST,SHORT,2025-07-04T10:30:00Z,80.4887,50.55,FAIL,WEAK_CONFIRMATION_VOLUME|ENTRY_AFTER_EXHAUSTION|SCORE_V2_BELOW_PROVISIONAL_FLOOR,SL_BEFORE_TP,-0.7655037860137109,TRAIN_DESIGN,LATE_ENTRY_AFTER_EXHAUSTION; TREND_TOO_OLD; WEAK_CONFIRMATION_VOLUME
ET-HED-0092,BTCUSDT,LONG_UP_CONTINUATION_RETEST,LONG,2025-07-10T04:00:00Z,80.4621,46.95,FAIL,TOO_TIGHT_STOP|WEAK_CONFIRMATION_VOLUME|SCORE_V2_BELOW_PROVISIONAL_FLOOR,SL_BEFORE_TP,-0.34581608080917325,TRAIN_DESIGN,TOO_TIGHT_STOP; WEAK_CONFIRMATION_VOLUME
ET-HED-0093,SOLUSDT,SHORT_DOWN_CONTINUATION_RETEST,SHORT,2025-11-19T07:30:00Z,80.4276,50.85,FAIL,TOO_TIGHT_STOP|WEAK_CONFIRMATION_VOLUME|SCORE_V2_BELOW_PROVISIONAL_FLOOR,SL_BEFORE_TP,-0.6129916027249978,OUT_OF_TIME_VALIDATION,TOO_TIGHT_STOP; WEAK_CONFIRMATION_VOLUME
ET-HED-0094,ETHUSDT,SHORT_DOWN_CONTINUATION_RETEST,SHORT,2025-08-20T01:00:00Z,80.4249,72.05,FAIL,TOO_TIGHT_STOP,SL_BEFORE_TP,-0.5892200518885877,TRAIN_DESIGN,TOO_TIGHT_STOP
ET-HED-0095,ETHUSDT,SHORT_DOWN_CONTINUATION_RETEST,SHORT,2025-10-09T05:15:00Z,80.401,46.2,FAIL,WEAK_CONFIRMATION_VOLUME|ENTRY_AFTER_EXHAUSTION|SCORE_V2_BELOW_PROVISIONAL_FLOOR,TP_BEFORE_SL,0.4431892670628367,TRAIN_DESIGN,LATE_ENTRY_AFTER_EXHAUSTION; TREND_TOO_OLD; WEAK_CONFIRMATION_VOLUME
ET-HED-0096,ETHUSDT,SHORT_DOWN_CONTINUATION_RETEST,SHORT,2025-07-12T17:00:00Z,80.3664,75.2,FAIL,WEAK_CONFIRMATION_VOLUME,SL_BEFORE_TP,-0.6741338380367313,TRAIN_DESIGN,WEAK_CONFIRMATION_VOLUME
ET-HED-0097,BTCUSDT,LONG_UP_CONTINUATION_RETEST,LONG,2025-07-16T11:15:00Z,80.3649,88.0,PASS,,SL_BEFORE_TP,-0.4597865657977327,TRAIN_DESIGN,causal geometry passed without v2 penalty
ET-HED-0098,ETHUSDT,LONG_UP_CONTINUATION_RETEST,LONG,2025-12-04T02:15:00Z,80.3619,77.3,FAIL,WEAK_CONFIRMATION_VOLUME,SL_BEFORE_TP,-0.7750785150693675,OUT_OF_TIME_VALIDATION,WEAK_CONFIRMATION_VOLUME
ET-HED-0099,ETHUSDT,RANGE_MEAN_REVERSION_CANDIDATE,SHORT,2025-11-14T17:00:00Z,80.353,45.45,FAIL,TOO_TIGHT_STOP|WEAK_CONFIRMATION_VOLUME|SCORE_V2_BELOW_PROVISIONAL_FLOOR,TP_BEFORE_SL,1.8842093014619514,OUT_OF_TIME_VALIDATION,TOO_TIGHT_STOP; WEAK_CONFIRMATION_VOLUME
ET-HED-0100,BTCUSDT,SHORT_DOWN_CONTINUATION_RETEST,SHORT,2025-11-25T12:00:00Z,80.3438,45.9,FAIL,WEAK_CONFIRMATION_VOLUME|ENTRY_AFTER_EXHAUSTION|SCORE_V2_BELOW_PROVISIONAL_FLOOR,SL_BEFORE_TP,-0.4815698517004763,OUT_OF_TIME_VALIDATION,LATE_ENTRY_AFTER_EXHAUSTION; TREND_TOO_OLD; WEAK_CONFIRMATION_VOLUME
ET-HED-0101,ETHUSDT,SHORT_DOWN_CONTINUATION_RETEST,SHORT,2025-10-05T21:00:00Z,80.3291,79.25,FAIL,WEAK_CONFIRMATION_VOLUME,SL_BEFORE_TP,-0.5299740246344924,TRAIN_DESIGN,WEAK_CONFIRMATION_VOLUME
ET-HED-0102,ETHUSDT,LONG_UP_CONTINUATION_RETEST,LONG,2025-07-09T21:15:00Z,80.2669,78.05,PASS,,TP_BEFORE_SL,1.6355443159747327,TRAIN_DESIGN,WEAK_CONFIRMATION_VOLUME
ET-HED-0103,BTCUSDT,SHORT_DOWN_CONTINUATION_RETEST,SHORT,2025-08-25T02:45:00Z,80.2621,49.65,FAIL,WEAK_CONFIRMATION_VOLUME|ENTRY_AFTER_EXHAUSTION|SCORE_V2_BELOW_PROVISIONAL_FLOOR,TP_BEFORE_SL,0.7845410320736776,TRAIN_DESIGN,LATE_ENTRY_AFTER_EXHAUSTION; TREND_TOO_OLD; WEAK_CONFIRMATION_VOLUME
ET-HED-0104,BTCUSDT,SHORT_DOWN_CONTINUATION_RETEST,SHORT,2025-10-30T02:00:00Z,80.2443,63.5,FAIL,ENTRY_AFTER_EXHAUSTION,SL_BEFORE_TP,-0.5302927496877701,TRAIN_DESIGN,LATE_ENTRY_AFTER_EXHAUSTION; TREND_TOO_OLD
ET-HED-0105,SOLUSDT,RANGE_MEAN_REVERSION_CANDIDATE,LONG,2025-12-08T19:30:00Z,80.1699,44.4,FAIL,TOO_TIGHT_STOP|WEAK_CONFIRMATION_VOLUME|SCORE_V2_BELOW_PROVISIONAL_FLOOR,SL_BEFORE_TP,-0.7976663611297382,OUT_OF_TIME_VALIDATION,TOO_TIGHT_STOP; WEAK_CONFIRMATION_VOLUME
ET-HED-0106,BTCUSDT,SHORT_DOWN_CONTINUATION_RETEST,SHORT,2025-10-13T13:00:00Z,80.1634,90.7,PASS,,SL_BEFORE_TP,-0.5837415851675404,TRAIN_DESIGN,causal geometry passed without v2 penalty
ET-HED-0107,ETHUSDT,SHORT_DOWN_CONTINUATION_RETEST,SHORT,2025-08-01T22:00:00Z,80.1359,76.25,FAIL,WEAK_CONFIRMATION_VOLUME,TP_BEFORE_SL,1.0597000257282307,TRAIN_DESIGN,WEAK_CONFIRMATION_VOLUME
ET-HED-0108,SOLUSDT,LONG_UP_CONTINUATION_RETEST,LONG,2025-08-22T23:30:00Z,80.1247,50.55,FAIL,WEAK_CONFIRMATION_VOLUME|ENTRY_AFTER_EXHAUSTION|SCORE_V2_BELOW_PROVISIONAL_FLOOR,SL_BEFORE_TP,-0.9506913572214927,TRAIN_DESIGN,LATE_ENTRY_AFTER_EXHAUSTION; TREND_TOO_OLD; WEAK_CONFIRMATION_VOLUME
ET-HED-0109,BTCUSDT,LONG_UP_CONTINUATION_RETEST,LONG,2025-07-06T23:45:00Z,80.1243,51.9,FAIL,WEAK_CONFIRMATION_VOLUME|ENTRY_AFTER_EXHAUSTION|SCORE_V2_BELOW_PROVISIONAL_FLOOR,SL_BEFORE_TP,-0.43751567431046057,TRAIN_DESIGN,LATE_ENTRY_AFTER_EXHAUSTION; TREND_TOO_OLD; WEAK_CONFIRMATION_VOLUME
ET-HED-0110,ETHUSDT,RANGE_MEAN_REVERSION_CANDIDATE,SHORT,2025-09-10T11:00:00Z,80.1213,49.5,FAIL,TOO_TIGHT_STOP|WEAK_CONFIRMATION_VOLUME|SCORE_V2_BELOW_PROVISIONAL_FLOOR,SL_BEFORE_TP,-0.37933443596266886,TRAIN_DESIGN,TOO_TIGHT_STOP; WEAK_CONFIRMATION_VOLUME
ET-HED-0111,BTCUSDT,SHORT_DOWN_CONTINUATION_RETEST,SHORT,2025-09-19T01:15:00Z,80.1182,54.8,FAIL,ENTRY_AFTER_EXHAUSTION,TP_BEFORE_SL,0.3204876501788907,TRAIN_DESIGN,LATE_ENTRY_AFTER_EXHAUSTION; TREND_TOO_OLD
ET-HED-0112,BTCUSDT,SHORT_DOWN_CONTINUATION_RETEST,SHORT,2025-07-15T09:30:00Z,80.1075,80.45,PASS,,SL_BEFORE_TP,-0.5079364096874459,TRAIN_DESIGN,WEAK_CONFIRMATION_VOLUME
ET-HED-0113,ETHUSDT,LONG_UP_CONTINUATION_RETEST,LONG,2025-07-28T04:30:00Z,80.1028,51.45,FAIL,WEAK_CONFIRMATION_VOLUME|ENTRY_AFTER_EXHAUSTION|SCORE_V2_BELOW_PROVISIONAL_FLOOR,TP_BEFORE_SL,0.4578805871680667,TRAIN_DESIGN,LATE_ENTRY_AFTER_EXHAUSTION; TREND_TOO_OLD; WEAK_CONFIRMATION_VOLUME
ET-HED-0114,BTCUSDT,SHORT_DOWN_CONTINUATION_RETEST,SHORT,2025-12-04T21:30:00Z,80.08,49.65,FAIL,WEAK_CONFIRMATION_VOLUME|ENTRY_AFTER_EXHAUSTION|SCORE_V2_BELOW_PROVISIONAL_FLOOR,TP_BEFORE_SL,1.2887107258938246,OUT_OF_TIME_VALIDATION,LATE_ENTRY_AFTER_EXHAUSTION; TREND_TOO_OLD; WEAK_CONFIRMATION_VOLUME
ET-HED-0115,SOLUSDT,SHORT_DOWN_CONTINUATION_RETEST,SHORT,2025-12-14T13:00:00Z,80.0502,82.25,FAIL,WEAK_CONFIRMATION_VOLUME,TP_BEFORE_SL,0.7038270665245921,OUT_OF_TIME_VALIDATION,WEAK_CONFIRMATION_VOLUME
ET-HED-0116,ETHUSDT,LONG_UP_CONTINUATION_RETEST,LONG,2025-11-23T06:00:00Z,80.0448,74.3,FAIL,WEAK_CONFIRMATION_VOLUME,SL_BEFORE_TP,-0.7383678832711037,OUT_OF_TIME_VALIDATION,WEAK_CONFIRMATION_VOLUME
ET-HED-0117,ETHUSDT,SHORT_DOWN_CONTINUATION_RETEST,SHORT,2025-08-14T15:15:00Z,80.0439,29.55,FAIL,WEAK_CONFIRMATION_VOLUME|ENTRY_AFTER_EXHAUSTION|SCORE_V2_BELOW_PROVISIONAL_FLOOR,NEITHER_EXPIRED,3.4186335457114163,TRAIN_DESIGN,TARGET_TOO_FAR; LATE_ENTRY_AFTER_EXHAUSTION; TREND_TOO_OLD
ET-HED-0118,BTCUSDT,SHORT_DOWN_CONTINUATION_RETEST,SHORT,2025-08-29T10:00:00Z,80.0165,55.65,FAIL,TOO_TIGHT_STOP|WEAK_CONFIRMATION_VOLUME,SL_BEFORE_TP,-0.4146118299347743,TRAIN_DESIGN,TOO_TIGHT_STOP; WEAK_CONFIRMATION_VOLUME
ET-HED-0119,BTCUSDT,LONG_UP_CONTINUATION_RETEST,LONG,2025-11-24T03:00:00Z,80.0077,58.5,FAIL,TOO_TIGHT_STOP|WEAK_CONFIRMATION_VOLUME,SL_BEFORE_TP,-0.6236844736216025,OUT_OF_TIME_VALIDATION,TOO_TIGHT_STOP; WEAK_CONFIRMATION_VOLUME
ET-HED-0120,ETHUSDT,LONG_UP_CONTINUATION_RETEST,LONG,2025-08-09T11:30:00Z,79.9973,54.9,FAIL,TOO_TIGHT_STOP|WEAK_CONFIRMATION_VOLUME,SL_BEFORE_TP,-0.5860918459728961,TRAIN_DESIGN,TOO_TIGHT_STOP; WEAK_CONFIRMATION_VOLUME
ET-HED-0121,ETHUSDT,LONG_UP_CONTINUATION_RETEST,LONG,2025-09-28T22:00:00Z,79.9751,75.2,FAIL,WEAK_CONFIRMATION_VOLUME,TP_BEFORE_SL,0.1563011889035712,TRAIN_DESIGN,WEAK_CONFIRMATION_VOLUME
ET-HED-0122,BTCUSDT,SHORT_DOWN_CONTINUATION_RETEST,SHORT,2025-10-22T09:00:00Z,79.9729,29.95,FAIL,TOO_TIGHT_STOP|WEAK_CONFIRMATION_VOLUME|ENTRY_AFTER_EXHAUSTION|SCORE_V2_BELOW_PROVISIONAL_FLOOR,TP_BEFORE_SL,0.33221103712211286,TRAIN_DESIGN,TOO_TIGHT_STOP; LATE_ENTRY_AFTER_EXHAUSTION; TREND_TOO_OLD
ET-HED-0123,ETHUSDT,SHORT_DOWN_CONTINUATION_RETEST,SHORT,2025-09-13T19:15:00Z,79.9701,49.65,FAIL,WEAK_CONFIRMATION_VOLUME|ENTRY_AFTER_EXHAUSTION|SCORE_V2_BELOW_PROVISIONAL_FLOOR,SL_BEFORE_TP,-0.5536733501454979,TRAIN_DESIGN,LATE_ENTRY_AFTER_EXHAUSTION; TREND_TOO_OLD; WEAK_CONFIRMATION_VOLUME
ET-HED-0124,ETHUSDT,SHORT_DOWN_CONTINUATION_RETEST,SHORT,2025-07-04T10:00:00Z,79.9464,51.0,FAIL,WEAK_CONFIRMATION_VOLUME|ENTRY_AFTER_EXHAUSTION|SCORE_V2_BELOW_PROVISIONAL_FLOOR,TP_BEFORE_SL,0.704553531885537,TRAIN_DESIGN,LATE_ENTRY_AFTER_EXHAUSTION; TREND_TOO_OLD; WEAK_CONFIRMATION_VOLUME
ET-HED-0125,BTCUSDT,SHORT_DOWN_CONTINUATION_RETEST,SHORT,2025-09-21T18:30:00Z,79.9379,68.0,FAIL,WEAK_CONFIRMATION_VOLUME,TP_BEFORE_SL,0.0319626880141764,TRAIN_DESIGN,WEAK_CONFIRMATION_VOLUME
ET-HED-0126,SOLUSDT,SHORT_DOWN_CONTINUATION_RETEST,SHORT,2025-07-07T23:30:00Z,79.9219,56.25,FAIL,TOO_TIGHT_STOP|WEAK_CONFIRMATION_VOLUME,SL_BEFORE_TP,-0.5168494344195911,TRAIN_DESIGN,TOO_TIGHT_STOP; WEAK_CONFIRMATION_VOLUME
ET-HED-0127,SOLUSDT,RANGE_MEAN_REVERSION_CANDIDATE,SHORT,2025-08-28T15:15:00Z,79.9157,81.7,PASS,,TP_BEFORE_SL,2.173723384500546,TRAIN_DESIGN,causal geometry passed without v2 penalty
ET-HED-0128,BTCUSDT,LONG_UP_CONTINUATION_RETEST,LONG,2025-11-02T06:30:00Z,79.9118,89.2,PASS,,TP_BEFORE_SL,0.09597441319727207,OUT_OF_TIME_VALIDATION,causal geometry passed without v2 penalty
ET-HED-0129,ETHUSDT,SHORT_DOWN_CONTINUATION_RETEST,SHORT,2025-10-03T09:15:00Z,79.8973,89.95,PASS,,SL_BEFORE_TP,-0.5704657403816045,TRAIN_DESIGN,causal geometry passed without v2 penalty
ET-HED-0130,SOLUSDT,RANGE_MEAN_REVERSION_CANDIDATE,SHORT,2025-10-06T12:45:00Z,79.881,79.9,PASS,,SL_BEFORE_TP,-0.6870860801781782,TRAIN_DESIGN,causal geometry passed without v2 penalty
ET-HED-0131,BTCUSDT,SHORT_DOWN_CONTINUATION_RETEST,SHORT,2025-08-01T10:00:00Z,79.8736,85.9,PASS,,SL_BEFORE_TP,-0.6341352612571622,TRAIN_DESIGN,causal geometry passed without v2 penalty
ET-HED-0132,BTCUSDT,SHORT_DOWN_CONTINUATION_RETEST,SHORT,2025-08-25T08:45:00Z,79.865,89.5,PASS,,TP_BEFORE_SL,0.25929075521861455,TRAIN_DESIGN,causal geometry passed without v2 penalty
ET-HED-0133,ETHUSDT,LONG_UP_CONTINUATION_RETEST,LONG,2025-07-07T05:00:00Z,79.8504,53.7,FAIL,TOO_TIGHT_STOP|WEAK_CONFIRMATION_VOLUME,SL_BEFORE_TP,-0.41498953070415645,TRAIN_DESIGN,TOO_TIGHT_STOP; WEAK_CONFIRMATION_VOLUME
ET-HED-0134,SOLUSDT,LONG_UP_CONTINUATION_RETEST,LONG,2025-07-10T19:00:00Z,79.8502,92.8,PASS,,TP_BEFORE_SL,1.0864600490350247,TRAIN_DESIGN,causal geometry passed without v2 penalty
ET-HED-0135,SOLUSDT,RANGE_MEAN_REVERSION_CANDIDATE,LONG,2025-07-14T20:45:00Z,79.8337,60.95,FAIL,TOO_TIGHT_STOP,SL_BEFORE_TP,-0.647213558180822,TRAIN_DESIGN,TOO_TIGHT_STOP
ET-HED-0136,ETHUSDT,RANGE_MEAN_REVERSION_CANDIDATE,LONG,2025-09-09T17:45:00Z,79.8305,40.8,FAIL,TOO_TIGHT_STOP|WEAK_CONFIRMATION_VOLUME|SCORE_V2_BELOW_PROVISIONAL_FLOOR,TP_BEFORE_SL,0.6637144886754694,TRAIN_DESIGN,TOO_TIGHT_STOP; WEAK_CONFIRMATION_VOLUME
ET-HED-0137,SOLUSDT,LONG_UP_CONTINUATION_RETEST,LONG,2025-12-10T06:00:00Z,79.7875,76.4,FAIL,WEAK_CONFIRMATION_VOLUME,SL_BEFORE_TP,-0.6978078398965292,OUT_OF_TIME_VALIDATION,WEAK_CONFIRMATION_VOLUME
ET-HED-0138,BTCUSDT,LONG_UP_CONTINUATION_RETEST,LONG,2025-08-10T15:45:00Z,79.7853,83.8,PASS,,SL_BEFORE_TP,-0.4052699246546608,TRAIN_DESIGN,causal geometry passed without v2 penalty
ET-HED-0139,ETHUSDT,SHORT_DOWN_CONTINUATION_RETEST,SHORT,2025-10-16T17:45:00Z,79.7761,79.25,FAIL,WEAK_CONFIRMATION_VOLUME,TP_BEFORE_SL,1.5434771183246918,TRAIN_DESIGN,WEAK_CONFIRMATION_VOLUME
ET-HED-0140,SOLUSDT,RANGE_MEAN_REVERSION_CANDIDATE,LONG,2025-12-10T17:15:00Z,79.7568,49.65,FAIL,TOO_TIGHT_STOP|SCORE_V2_BELOW_PROVISIONAL_FLOOR,TP_BEFORE_SL,0.9674992080369595,OUT_OF_TIME_VALIDATION,TOO_TIGHT_STOP; WEAK_CONFIRMATION_VOLUME
ET-HED-0141,ETHUSDT,SHORT_DOWN_CONTINUATION_RETEST,SHORT,2025-12-09T04:15:00Z,79.7414,45.65,FAIL,TOO_TIGHT_STOP|CHOPPY_SIDEWAYS_CONTEXT|SCORE_V2_BELOW_PROVISIONAL_FLOOR,SL_BEFORE_TP,-0.5470723000291347,OUT_OF_TIME_VALIDATION,TOO_TIGHT_STOP; WEAK_CONFIRMATION_VOLUME; CHOPPY_SIDEWAYS_CONTEXT
ET-HED-0142,BTCUSDT,LONG_UP_CONTINUATION_RETEST,LONG,2025-11-06T06:15:00Z,79.7238,58.3,FAIL,WEAK_CONFIRMATION_VOLUME|CHOPPY_SIDEWAYS_CONTEXT,SL_BEFORE_TP,-0.5293875539432197,OUT_OF_TIME_VALIDATION,WEAK_CONFIRMATION_VOLUME; CHOPPY_SIDEWAYS_CONTEXT
ET-HED-0143,SOLUSDT,SHORT_DOWN_CONTINUATION_RETEST,SHORT,2025-10-13T12:45:00Z,79.7222,78.05,PASS,,SL_BEFORE_TP,-1.0080141644672134,TRAIN_DESIGN,WEAK_CONFIRMATION_VOLUME
ET-HED-0144,BTCUSDT,RANGE_MEAN_REVERSION_CANDIDATE,SHORT,2025-10-16T04:30:00Z,79.6896,42.0,FAIL,TOO_TIGHT_STOP|WEAK_CONFIRMATION_VOLUME|SCORE_V2_BELOW_PROVISIONAL_FLOOR,TP_BEFORE_SL,0.2620622784177721,TRAIN_DESIGN,TOO_TIGHT_STOP; WEAK_CONFIRMATION_VOLUME
ET-HED-0145,BTCUSDT,LONG_UP_CONTINUATION_RETEST,LONG,2025-09-13T09:45:00Z,79.683,72.05,FAIL,TOO_TIGHT_STOP,TP_BEFORE_SL,-0.1142131528007348,TRAIN_DESIGN,TOO_TIGHT_STOP
ET-HED-0146,ETHUSDT,SHORT_DOWN_CONTINUATION_RETEST,SHORT,2025-07-28T15:45:00Z,79.6753,79.25,FAIL,WEAK_CONFIRMATION_VOLUME,TP_BEFORE_SL,0.6332270784459562,TRAIN_DESIGN,WEAK_CONFIRMATION_VOLUME
ET-HED-0147,ETHUSDT,LONG_UP_CONTINUATION_RETEST,LONG,2025-11-23T15:15:00Z,79.6611,69.35,FAIL,WEAK_CONFIRMATION_VOLUME,SL_BEFORE_TP,-0.6900817017444902,OUT_OF_TIME_VALIDATION,WEAK_CONFIRMATION_VOLUME
ET-HED-0148,ETHUSDT,SHORT_DOWN_CONTINUATION_RETEST,SHORT,2025-09-27T10:30:00Z,79.6584,76.1,FAIL,WEAK_CONFIRMATION_VOLUME,SL_BEFORE_TP,-0.49748309093870735,TRAIN_DESIGN,WEAK_CONFIRMATION_VOLUME
ET-HED-0149,BTCUSDT,LONG_UP_CONTINUATION_RETEST,LONG,2025-12-03T07:00:00Z,79.6441,78.05,PASS,,SL_BEFORE_TP,-0.6063396167150825,OUT_OF_TIME_VALIDATION,WEAK_CONFIRMATION_VOLUME
ET-HED-0150,SOLUSDT,RANGE_MEAN_REVERSION_CANDIDATE,LONG,2025-09-14T22:30:00Z,79.6183,51.65,FAIL,TOO_TIGHT_STOP|SCORE_V2_BELOW_PROVISIONAL_FLOOR,SL_BEFORE_TP,-0.6668864197019863,TRAIN_DESIGN,TOO_TIGHT_STOP
ET-HED-0151,SOLUSDT,SHORT_DOWN_CONTINUATION_RETEST,SHORT,2025-11-14T05:15:00Z,79.5762,82.8,PASS,,SL_BEFORE_TP,-1.4931838892029283,OUT_OF_TIME_VALIDATION,BOLLINGER_EXTENSION_RISK
ET-HED-0152,ETHUSDT,SHORT_DOWN_CONTINUATION_RETEST,SHORT,2025-09-02T14:15:00Z,79.5705,81.85,PASS,,TP_BEFORE_SL,1.676293894497052,TRAIN_DESIGN,causal geometry passed without v2 penalty
ET-HED-0153,ETHUSDT,SHORT_DOWN_CONTINUATION_RETEST,SHORT,2025-09-26T12:00:00Z,79.5647,56.1,FAIL,TOO_TIGHT_STOP|WEAK_CONFIRMATION_VOLUME,SL_BEFORE_TP,-0.5794121761392729,TRAIN_DESIGN,TOO_TIGHT_STOP; WEAK_CONFIRMATION_VOLUME
ET-HED-0154,SOLUSDT,RANGE_MEAN_REVERSION_CANDIDATE,LONG,2025-11-02T13:45:00Z,79.5305,47.25,FAIL,TOO_TIGHT_STOP|WEAK_CONFIRMATION_VOLUME|SCORE_V2_BELOW_PROVISIONAL_FLOOR,SL_BEFORE_TP,-0.5036967245013726,OUT_OF_TIME_VALIDATION,TOO_TIGHT_STOP; WEAK_CONFIRMATION_VOLUME
ET-HED-0155,ETHUSDT,SHORT_DOWN_CONTINUATION_RETEST,SHORT,2025-08-10T07:00:00Z,79.5158,59.55,FAIL,TOO_TIGHT_STOP,TP_BEFORE_SL,0.2856543461745106,TRAIN_DESIGN,TOO_TIGHT_STOP; WEAK_CONFIRMATION_VOLUME
ET-HED-0156,ETHUSDT,SHORT_DOWN_CONTINUATION_RETEST,SHORT,2025-10-05T17:30:00Z,79.5101,70.9,FAIL,WEAK_CONFIRMATION_VOLUME,TP_BEFORE_SL,0.44969024748358377,TRAIN_DESIGN,WEAK_CONFIRMATION_VOLUME; BOLLINGER_EXTENSION_RISK
ET-HED-0157,ETHUSDT,LONG_UP_CONTINUATION_RETEST,LONG,2025-10-25T08:15:00Z,79.4702,72.95,FAIL,WEAK_CONFIRMATION_VOLUME,TP_BEFORE_SL,0.4325790585418312,TRAIN_DESIGN,WEAK_CONFIRMATION_VOLUME
ET-HED-0158,SOLUSDT,RANGE_MEAN_REVERSION_CANDIDATE,LONG,2025-09-09T03:15:00Z,79.4622,79.9,PASS,,TP_BEFORE_SL,0.8572967881699087,TRAIN_DESIGN,causal geometry passed without v2 penalty
ET-HED-0159,SOLUSDT,LONG_UP_CONTINUATION_RETEST,LONG,2025-08-04T10:15:00Z,79.4472,85.75,PASS,,SL_BEFORE_TP,-0.605575923989931,TRAIN_DESIGN,causal geometry passed without v2 penalty
ET-HED-0160,BTCUSDT,SHORT_DOWN_CONTINUATION_RETEST,SHORT,2025-11-12T21:00:00Z,79.4449,74.3,FAIL,WEAK_CONFIRMATION_VOLUME,SL_BEFORE_TP,-0.600672234346193,OUT_OF_TIME_VALIDATION,WEAK_CONFIRMATION_VOLUME
ET-HED-0161,SOLUSDT,SHORT_DOWN_CONTINUATION_RETEST,SHORT,2025-09-23T04:15:00Z,79.4242,87.25,PASS,,SL_BEFORE_TP,-1.2212361985920785,TRAIN_DESIGN,causal geometry passed without v2 penalty
ET-HED-0162,SOLUSDT,SHORT_DOWN_CONTINUATION_RETEST,SHORT,2025-09-04T07:30:00Z,79.3861,53.85,FAIL,ENTRY_AFTER_EXHAUSTION,SL_BEFORE_TP,-0.5932849586616941,TRAIN_DESIGN,LATE_ENTRY_AFTER_EXHAUSTION; TREND_TOO_OLD; WEAK_CONFIRMATION_VOLUME
ET-HED-0163,ETHUSDT,SHORT_DOWN_CONTINUATION_RETEST,SHORT,2025-09-19T08:30:00Z,79.3807,83.05,PASS,,TP_BEFORE_SL,0.2537510323184512,TRAIN_DESIGN,causal geometry passed without v2 penalty
ET-HED-0164,SOLUSDT,RANGE_MEAN_REVERSION_CANDIDATE,LONG,2025-10-09T15:00:00Z,79.3557,79.45,PASS,,SL_BEFORE_TP,-1.0083143892058386,TRAIN_DESIGN,causal geometry passed without v2 penalty
ET-HED-0165,BTCUSDT,SHORT_DOWN_CONTINUATION_RETEST,SHORT,2025-09-21T07:00:00Z,79.3549,46.05,FAIL,WEAK_CONFIRMATION_VOLUME|ENTRY_AFTER_EXHAUSTION|SCORE_V2_BELOW_PROVISIONAL_FLOOR,SL_BEFORE_TP,-0.3346242946151398,TRAIN_DESIGN,LATE_ENTRY_AFTER_EXHAUSTION; TREND_TOO_OLD; WEAK_CONFIRMATION_VOLUME
ET-HED-0166,SOLUSDT,SHORT_DOWN_CONTINUATION_RETEST,SHORT,2025-07-29T17:45:00Z,79.347,74.45,FAIL,WEAK_CONFIRMATION_VOLUME,SL_BEFORE_TP,-0.9815186662235618,TRAIN_DESIGN,WEAK_CONFIRMATION_VOLUME
ET-HED-0167,ETHUSDT,SHORT_DOWN_CONTINUATION_RETEST,SHORT,2025-08-01T10:30:00Z,79.3366,51.45,FAIL,WEAK_CONFIRMATION_VOLUME|ENTRY_AFTER_EXHAUSTION|SCORE_V2_BELOW_PROVISIONAL_FLOOR,SL_BEFORE_TP,-0.7983515841412061,TRAIN_DESIGN,LATE_ENTRY_AFTER_EXHAUSTION; TREND_TOO_OLD; WEAK_CONFIRMATION_VOLUME
ET-HED-0168,BTCUSDT,LONG_UP_CONTINUATION_RETEST,LONG,2025-09-18T00:45:00Z,79.3337,76.55,FAIL,WEAK_CONFIRMATION_VOLUME,TP_BEFORE_SL,0.2813607724092412,TRAIN_DESIGN,WEAK_CONFIRMATION_VOLUME
ET-HED-0169,ETHUSDT,RANGE_MEAN_REVERSION_CANDIDATE,SHORT,2025-11-09T07:30:00Z,79.3184,44.4,FAIL,TOO_TIGHT_STOP|WEAK_CONFIRMATION_VOLUME|SCORE_V2_BELOW_PROVISIONAL_FLOOR,SL_BEFORE_TP,-0.4497402131402297,OUT_OF_TIME_VALIDATION,TOO_TIGHT_STOP; WEAK_CONFIRMATION_VOLUME
ET-HED-0170,ETHUSDT,SHORT_DOWN_CONTINUATION_RETEST,SHORT,2025-11-29T07:30:00Z,79.3133,77.75,FAIL,WEAK_CONFIRMATION_VOLUME,TP_BEFORE_SL,0.29447141176235725,OUT_OF_TIME_VALIDATION,WEAK_CONFIRMATION_VOLUME
ET-HED-0171,SOLUSDT,SHORT_DOWN_CONTINUATION_RETEST,SHORT,2025-11-16T04:30:00Z,79.2917,31.75,FAIL,WEAK_CONFIRMATION_VOLUME|ENTRY_AFTER_EXHAUSTION|SCORE_V2_BELOW_PROVISIONAL_FLOOR,SL_BEFORE_TP,-0.6450339165545231,OUT_OF_TIME_VALIDATION,LATE_ENTRY_AFTER_EXHAUSTION; TREND_TOO_OLD; WEAK_CONFIRMATION_VOLUME
ET-HED-0172,SOLUSDT,RANGE_MEAN_REVERSION_CANDIDATE,LONG,2025-08-21T08:45:00Z,79.2867,43.5,FAIL,TOO_TIGHT_STOP|SCORE_V2_BELOW_PROVISIONAL_FLOOR,SL_BEFORE_TP,-0.49194234592446506,TRAIN_DESIGN,TOO_TIGHT_STOP; WEAK_CONFIRMATION_VOLUME
ET-HED-0173,ETHUSDT,SHORT_DOWN_CONTINUATION_RETEST,SHORT,2025-08-12T00:00:00Z,79.2747,33.7,FAIL,TOO_TIGHT_STOP|WEAK_CONFIRMATION_VOLUME|ENTRY_AFTER_EXHAUSTION|SCORE_V2_BELOW_PROVISIONAL_FLOOR,SL_BEFORE_TP,-0.6069720258475775,TRAIN_DESIGN,TOO_TIGHT_STOP; LATE_ENTRY_AFTER_EXHAUSTION; TREND_TOO_OLD
ET-HED-0174,SOLUSDT,SHORT_DOWN_CONTINUATION_RETEST,SHORT,2025-08-29T10:45:00Z,79.2703,74.3,FAIL,WEAK_CONFIRMATION_VOLUME,SL_BEFORE_TP,-1.0665800884955758,TRAIN_DESIGN,WEAK_CONFIRMATION_VOLUME
ET-HED-0175,SOLUSDT,SHORT_DOWN_CONTINUATION_RETEST,SHORT,2025-08-19T17:45:00Z,79.266,74.75,FAIL,WEAK_CONFIRMATION_VOLUME,TP_BEFORE_SL,0.6870183718186446,TRAIN_DESIGN,WEAK_CONFIRMATION_VOLUME
ET-HED-0176,SOLUSDT,SHORT_DOWN_CONTINUATION_RETEST,SHORT,2025-08-10T10:15:00Z,79.2593,54.45,FAIL,WEAK_CONFIRMATION_VOLUME|ENTRY_AFTER_EXHAUSTION,SL_BEFORE_TP,-0.9179842751569771,TRAIN_DESIGN,LATE_ENTRY_AFTER_EXHAUSTION; TREND_TOO_OLD; WEAK_CONFIRMATION_VOLUME
ET-HED-0177,ETHUSDT,RANGE_MEAN_REVERSION_CANDIDATE,LONG,2025-07-14T19:30:00Z,79.2587,63.2,FAIL,WEAK_CONFIRMATION_VOLUME,SL_BEFORE_TP,-0.6675057080780205,TRAIN_DESIGN,WEAK_CONFIRMATION_VOLUME
ET-HED-0178,SOLUSDT,RANGE_MEAN_REVERSION_CANDIDATE,LONG,2025-11-24T08:45:00Z,79.2353,42.0,FAIL,TOO_TIGHT_STOP|WEAK_CONFIRMATION_VOLUME|SCORE_V2_BELOW_PROVISIONAL_FLOOR,SL_BEFORE_TP,-0.6988798324494742,OUT_OF_TIME_VALIDATION,TOO_TIGHT_STOP; WEAK_CONFIRMATION_VOLUME
ET-HED-0179,BTCUSDT,LONG_UP_CONTINUATION_RETEST,LONG,2025-10-12T14:15:00Z,79.217,30.1,FAIL,TOO_TIGHT_STOP|WEAK_CONFIRMATION_VOLUME|ENTRY_AFTER_EXHAUSTION|SCORE_V2_BELOW_PROVISIONAL_FLOOR,TP_BEFORE_SL,0.508102906490767,TRAIN_DESIGN,TOO_TIGHT_STOP; LATE_ENTRY_AFTER_EXHAUSTION; TREND_TOO_OLD
ET-HED-0180,SOLUSDT,SHORT_DOWN_CONTINUATION_RETEST,SHORT,2025-08-01T04:00:00Z,79.2019,45.3,FAIL,WEAK_CONFIRMATION_VOLUME|ENTRY_AFTER_EXHAUSTION|SCORE_V2_BELOW_PROVISIONAL_FLOOR,TP_BEFORE_SL,1.0747131003856494,TRAIN_DESIGN,LATE_ENTRY_AFTER_EXHAUSTION; TREND_TOO_OLD; WEAK_CONFIRMATION_VOLUME
ET-HED-0181,ETHUSDT,SHORT_DOWN_CONTINUATION_RETEST,SHORT,2025-07-12T22:15:00Z,79.1998,86.5,PASS,,SL_BEFORE_TP,-0.5088233692281513,TRAIN_DESIGN,causal geometry passed without v2 penalty
ET-HED-0182,SOLUSDT,SHORT_DOWN_CONTINUATION_RETEST,SHORT,2025-09-13T15:30:00Z,79.1985,80.45,FAIL,WEAK_CONFIRMATION_VOLUME,TP_BEFORE_SL,0.700921770265203,TRAIN_DESIGN,WEAK_CONFIRMATION_VOLUME
ET-HED-0183,ETHUSDT,LONG_UP_CONTINUATION_RETEST,LONG,2025-10-15T09:45:00Z,79.1973,92.8,PASS,,SL_BEFORE_TP,-0.9001016547179379,TRAIN_DESIGN,causal geometry passed without v2 penalty
ET-HED-0184,SOLUSDT,RANGE_MEAN_REVERSION_CANDIDATE,LONG,2025-11-06T08:15:00Z,79.1964,40.05,FAIL,TOO_TIGHT_STOP|WEAK_CONFIRMATION_VOLUME|SCORE_V2_BELOW_PROVISIONAL_FLOOR,SL_BEFORE_TP,-0.615231987167395,OUT_OF_TIME_VALIDATION,TOO_TIGHT_STOP; WEAK_CONFIRMATION_VOLUME
ET-HED-0185,ETHUSDT,LONG_UP_CONTINUATION_RETEST,LONG,2025-09-08T17:30:00Z,79.1848,49.05,FAIL,WEAK_CONFIRMATION_VOLUME|ENTRY_AFTER_EXHAUSTION|SCORE_V2_BELOW_PROVISIONAL_FLOOR,SL_BEFORE_TP,-0.591173264715176,TRAIN_DESIGN,LATE_ENTRY_AFTER_EXHAUSTION; TREND_TOO_OLD; WEAK_CONFIRMATION_VOLUME
ET-HED-0186,SOLUSDT,RANGE_MEAN_REVERSION_CANDIDATE,SHORT,2025-08-10T22:30:00Z,79.1744,79.9,PASS,,SL_BEFORE_TP,-0.7210703400021843,TRAIN_DESIGN,causal geometry passed without v2 penalty
ET-HED-0187,SOLUSDT,LONG_UP_CONTINUATION_RETEST,LONG,2025-09-07T02:30:00Z,79.1656,58.5,FAIL,TOO_TIGHT_STOP,TP_BEFORE_SL,0.18504818860277028,TRAIN_DESIGN,TOO_TIGHT_STOP; WEAK_CONFIRMATION_VOLUME
ET-HED-0188,ETHUSDT,RANGE_MEAN_REVERSION_CANDIDATE,LONG,2025-07-24T07:00:00Z,79.1602,79.45,PASS,,SL_BEFORE_TP,-0.8588946052683537,TRAIN_DESIGN,causal geometry passed without v2 penalty
ET-HED-0189,BTCUSDT,LONG_UP_CONTINUATION_RETEST,LONG,2025-11-23T15:15:00Z,79.1497,85.45,PASS,,TP_BEFORE_SL,0.32623866813394486,OUT_OF_TIME_VALIDATION,causal geometry passed without v2 penalty
ET-HED-0190,BTCUSDT,RANGE_MEAN_REVERSION_CANDIDATE,LONG,2025-07-28T11:45:00Z,79.1432,76.9,PASS,,SL_BEFORE_TP,-0.4700272444162068,TRAIN_DESIGN,causal geometry passed without v2 penalty
ET-HED-0191,SOLUSDT,SHORT_DOWN_CONTINUATION_RETEST,SHORT,2025-08-28T18:15:00Z,79.1372,55.8,FAIL,TOO_TIGHT_STOP|WEAK_CONFIRMATION_VOLUME,SL_BEFORE_TP,-0.7750385348194692,TRAIN_DESIGN,TOO_TIGHT_STOP; WEAK_CONFIRMATION_VOLUME
ET-HED-0192,SOLUSDT,LONG_UP_CONTINUATION_RETEST,LONG,2025-07-10T11:00:00Z,79.1356,49.2,FAIL,WEAK_CONFIRMATION_VOLUME|ENTRY_AFTER_EXHAUSTION|SCORE_V2_BELOW_PROVISIONAL_FLOOR,SL_BEFORE_TP,-0.6061359906287573,TRAIN_DESIGN,LATE_ENTRY_AFTER_EXHAUSTION; TREND_TOO_OLD; WEAK_CONFIRMATION_VOLUME
ET-HED-0193,ETHUSDT,RANGE_MEAN_REVERSION_CANDIDATE,LONG,2025-11-06T08:00:00Z,79.1201,66.05,FAIL,WEAK_CONFIRMATION_VOLUME,SL_BEFORE_TP,-0.677654521923319,OUT_OF_TIME_VALIDATION,WEAK_CONFIRMATION_VOLUME
ET-HED-0194,ETHUSDT,LONG_UP_CONTINUATION_RETEST,LONG,2025-12-15T08:00:00Z,79.1065,56.7,FAIL,TOO_TIGHT_STOP|WEAK_CONFIRMATION_VOLUME,TP_BEFORE_SL,0.27455783182587834,OUT_OF_TIME_VALIDATION,TOO_TIGHT_STOP; WEAK_CONFIRMATION_VOLUME
ET-HED-0195,BTCUSDT,SHORT_DOWN_CONTINUATION_RETEST,SHORT,2025-10-15T14:30:00Z,79.0996,86.5,PASS,,TP_BEFORE_SL,0.8262734290479992,TRAIN_DESIGN,causal geometry passed without v2 penalty
ET-HED-0196,SOLUSDT,LONG_UP_CONTINUATION_RETEST,LONG,2025-11-23T15:15:00Z,79.0802,87.25,PASS,,TP_BEFORE_SL,0.9182717366455921,OUT_OF_TIME_VALIDATION,causal geometry passed without v2 penalty
ET-HED-0197,BTCUSDT,RANGE_MEAN_REVERSION_CANDIDATE,LONG,2025-11-14T19:15:00Z,79.061,77.35,PASS,,SL_BEFORE_TP,-1.083461514576765,OUT_OF_TIME_VALIDATION,causal geometry passed without v2 penalty
ET-HED-0198,BTCUSDT,SHORT_DOWN_CONTINUATION_RETEST,SHORT,2025-08-26T02:45:00Z,79.0572,77.3,FAIL,WEAK_CONFIRMATION_VOLUME,SL_BEFORE_TP,-0.6520543040960187,TRAIN_DESIGN,WEAK_CONFIRMATION_VOLUME
ET-HED-0199,BTCUSDT,LONG_UP_CONTINUATION_RETEST,LONG,2025-08-10T06:45:00Z,79.0556,46.65,FAIL,WEAK_CONFIRMATION_VOLUME|ENTRY_AFTER_EXHAUSTION|SCORE_V2_BELOW_PROVISIONAL_FLOOR,SL_BEFORE_TP,-0.4744422733797199,TRAIN_DESIGN,LATE_ENTRY_AFTER_EXHAUSTION; TREND_TOO_OLD; WEAK_CONFIRMATION_VOLUME
ET-HED-0200,ETHUSDT,SHORT_DOWN_CONTINUATION_RETEST,SHORT,2025-10-22T02:45:00Z,79.0471,30.25,FAIL,TOO_TIGHT_STOP|WEAK_CONFIRMATION_VOLUME|ENTRY_AFTER_EXHAUSTION|SCORE_V2_BELOW_PROVISIONAL_FLOOR,SL_BEFORE_TP,-0.5982680874068192,TRAIN_DESIGN,TOO_TIGHT_STOP; LATE_ENTRY_AFTER_EXHAUSTION; TREND_TOO_OLD
ET-HED-0201,BTCUSDT,SHORT_DOWN_CONTINUATION_RETEST,SHORT,2025-11-21T11:30:00Z,79.0458,72.65,FAIL,WEAK_CONFIRMATION_VOLUME,TP_BEFORE_SL,1.3002188212200267,OUT_OF_TIME_VALIDATION,WEAK_CONFIRMATION_VOLUME
ET-HED-0202,SOLUSDT,LONG_UP_CONTINUATION_RETEST,LONG,2025-09-24T16:45:00Z,79.0445,50.1,FAIL,WEAK_CONFIRMATION_VOLUME|ENTRY_AFTER_EXHAUSTION|SCORE_V2_BELOW_PROVISIONAL_FLOOR,SL_BEFORE_TP,-0.7789864192343491,TRAIN_DESIGN,LATE_ENTRY_AFTER_EXHAUSTION; TREND_TOO_OLD; WEAK_CONFIRMATION_VOLUME
ET-HED-0203,ETHUSDT,LONG_UP_CONTINUATION_RETEST,LONG,2025-07-15T15:15:00Z,79.0214,76.75,PASS,,TP_BEFORE_SL,2.332479518475166,TRAIN_DESIGN,causal geometry passed without v2 penalty
ET-HED-0204,SOLUSDT,SHORT_DOWN_CONTINUATION_RETEST,SHORT,2025-08-19T05:15:00Z,79.0061,75.35,FAIL,WEAK_CONFIRMATION_VOLUME,SL_BEFORE_TP,-0.9033285889297135,TRAIN_DESIGN,WEAK_CONFIRMATION_VOLUME
ET-HED-0205,ETHUSDT,LONG_UP_CONTINUATION_RETEST,LONG,2025-08-22T04:00:00Z,79.0021,75.3,FAIL,CHOPPY_SIDEWAYS_CONTEXT,TP_BEFORE_SL,0.6003970151416368,TRAIN_DESIGN,CHOPPY_SIDEWAYS_CONTEXT
ET-HED-0206,ETHUSDT,LONG_UP_CONTINUATION_RETEST,LONG,2025-08-20T18:45:00Z,79.0,73.1,FAIL,WEAK_CONFIRMATION_VOLUME,TP_BEFORE_SL,1.4097707228576186,TRAIN_DESIGN,WEAK_CONFIRMATION_VOLUME
ET-HED-0207,BTCUSDT,LONG_UP_CONTINUATION_RETEST,LONG,2025-10-19T04:30:00Z,78.9879,81.8,PASS,,SL_BEFORE_TP,-0.3729929899154507,TRAIN_DESIGN,WEAK_CONFIRMATION_VOLUME
ET-HED-0208,ETHUSDT,SHORT_DOWN_CONTINUATION_RETEST,SHORT,2025-10-16T22:15:00Z,78.9753,75.2,FAIL,WEAK_CONFIRMATION_VOLUME,SL_BEFORE_TP,-0.934677283870802,TRAIN_DESIGN,WEAK_CONFIRMATION_VOLUME
ET-HED-0209,ETHUSDT,RANGE_MEAN_REVERSION_CANDIDATE,LONG,2025-10-27T11:45:00Z,78.9498,78.7,PASS,,SL_BEFORE_TP,-0.7725915412878962,TRAIN_DESIGN,causal geometry passed without v2 penalty
ET-HED-0210,BTCUSDT,SHORT_DOWN_CONTINUATION_RETEST,SHORT,2025-08-11T23:30:00Z,78.9395,72.8,FAIL,WEAK_CONFIRMATION_VOLUME,SL_BEFORE_TP,-0.47341288162067763,TRAIN_DESIGN,WEAK_CONFIRMATION_VOLUME
ET-HED-0211,SOLUSDT,SHORT_DOWN_CONTINUATION_RETEST,SHORT,2025-12-09T07:15:00Z,78.9327,56.7,FAIL,TOO_TIGHT_STOP|WEAK_CONFIRMATION_VOLUME,SL_BEFORE_TP,-0.5704273557837563,OUT_OF_TIME_VALIDATION,TOO_TIGHT_STOP; WEAK_CONFIRMATION_VOLUME
ET-HED-0212,SOLUSDT,LONG_UP_CONTINUATION_RETEST,LONG,2025-12-12T09:15:00Z,78.9165,68.6,FAIL,WEAK_CONFIRMATION_VOLUME,SL_BEFORE_TP,-0.7848712930784946,OUT_OF_TIME_VALIDATION,WEAK_CONFIRMATION_VOLUME
ET-HED-0213,BTCUSDT,RANGE_MEAN_REVERSION_CANDIDATE,SHORT,2025-07-16T17:15:00Z,78.878,44.4,FAIL,TOO_TIGHT_STOP|WEAK_CONFIRMATION_VOLUME|SCORE_V2_BELOW_PROVISIONAL_FLOOR,SL_BEFORE_TP,-0.48635272510309857,TRAIN_DESIGN,TOO_TIGHT_STOP; WEAK_CONFIRMATION_VOLUME
ET-HED-0214,BTCUSDT,LONG_UP_CONTINUATION_RETEST,LONG,2025-12-04T00:45:00Z,78.8722,55.25,FAIL,ENTRY_AFTER_EXHAUSTION,SL_BEFORE_TP,-0.7078986723028748,OUT_OF_TIME_VALIDATION,LATE_ENTRY_AFTER_EXHAUSTION; TREND_TOO_OLD
ET-HED-0215,ETHUSDT,SHORT_DOWN_CONTINUATION_RETEST,SHORT,2025-07-31T21:45:00Z,78.8526,70.4,FAIL,WEAK_CONFIRMATION_VOLUME,TP_BEFORE_SL,0.47433340009346414,TRAIN_DESIGN,WEAK_CONFIRMATION_VOLUME
ET-HED-0216,ETHUSDT,RANGE_MEAN_REVERSION_CANDIDATE,SHORT,2025-08-04T10:45:00Z,78.8445,67.4,PASS,,SL_BEFORE_TP,-0.6584167632365363,TRAIN_DESIGN,WEAK_CONFIRMATION_VOLUME
ET-HED-0217,BTCUSDT,LONG_UP_CONTINUATION_RETEST,LONG,2025-08-18T19:30:00Z,78.8318,28.3,FAIL,TOO_TIGHT_STOP|WEAK_CONFIRMATION_VOLUME|ENTRY_AFTER_EXHAUSTION|SCORE_V2_BELOW_PROVISIONAL_FLOOR,SL_BEFORE_TP,-0.39772182253572064,TRAIN_DESIGN,TOO_TIGHT_STOP; LATE_ENTRY_AFTER_EXHAUSTION; TREND_TOO_OLD
ET-HED-0218,BTCUSDT,LONG_UP_CONTINUATION_RETEST,LONG,2025-08-04T16:00:00Z,78.8208,44.0,FAIL,CHOPPY_SIDEWAYS_CONTEXT|ENTRY_AFTER_EXHAUSTION|SCORE_V2_BELOW_PROVISIONAL_FLOOR,TP_BEFORE_SL,0.3173650566944768,TRAIN_DESIGN,LATE_ENTRY_AFTER_EXHAUSTION; TREND_TOO_OLD; WEAK_CONFIRMATION_VOLUME
ET-HED-0219,BTCUSDT,LONG_UP_CONTINUATION_RETEST,LONG,2025-10-02T02:15:00Z,78.8138,50.1,FAIL,WEAK_CONFIRMATION_VOLUME|ENTRY_AFTER_EXHAUSTION|SCORE_V2_BELOW_PROVISIONAL_FLOOR,SL_BEFORE_TP,-0.559284423448734,TRAIN_DESIGN,LATE_ENTRY_AFTER_EXHAUSTION; TREND_TOO_OLD; WEAK_CONFIRMATION_VOLUME
ET-HED-0220,BTCUSDT,SHORT_DOWN_CONTINUATION_RETEST,SHORT,2025-11-03T18:15:00Z,78.796,58.85,FAIL,ENTRY_AFTER_EXHAUSTION,TP_BEFORE_SL,1.5171042074820433,OUT_OF_TIME_VALIDATION,LATE_ENTRY_AFTER_EXHAUSTION; TREND_TOO_OLD
ET-HED-0221,ETHUSDT,SHORT_DOWN_CONTINUATION_RETEST,SHORT,2025-11-15T23:45:00Z,78.7916,33.1,FAIL,TOO_TIGHT_STOP|WEAK_CONFIRMATION_VOLUME|ENTRY_AFTER_EXHAUSTION|SCORE_V2_BELOW_PROVISIONAL_FLOOR,TP_BEFORE_SL,0.3349011346649937,OUT_OF_TIME_VALIDATION,TOO_TIGHT_STOP; LATE_ENTRY_AFTER_EXHAUSTION; TREND_TOO_OLD
ET-HED-0222,SOLUSDT,RANGE_MEAN_REVERSION_CANDIDATE,SHORT,2025-08-10T05:00:00Z,78.768,68.0,FAIL,WEAK_CONFIRMATION_VOLUME,TP_BEFORE_SL,1.0281942661046208,TRAIN_DESIGN,WEAK_CONFIRMATION_VOLUME
ET-HED-0223,SOLUSDT,SHORT_DOWN_CONTINUATION_RETEST,SHORT,2025-08-16T11:30:00Z,78.767,56.85,FAIL,TOO_TIGHT_STOP|WEAK_CONFIRMATION_VOLUME,TP_BEFORE_SL,0.5254426720907863,TRAIN_DESIGN,TOO_TIGHT_STOP; WEAK_CONFIRMATION_VOLUME
ET-HED-0224,BTCUSDT,SHORT_DOWN_CONTINUATION_RETEST,SHORT,2025-08-30T03:00:00Z,78.7583,88.3,PASS,,SL_BEFORE_TP,-0.4327414791485258,TRAIN_DESIGN,causal geometry passed without v2 penalty
ET-HED-0225,ETHUSDT,LONG_UP_CONTINUATION_RETEST,LONG,2025-08-26T16:45:00Z,78.7571,74.75,PASS,,TP_BEFORE_SL,0.9437549138976784,TRAIN_DESIGN,WEAK_CONFIRMATION_VOLUME
ET-HED-0226,SOLUSDT,LONG_UP_CONTINUATION_RETEST,LONG,2025-12-03T08:45:00Z,78.7469,46.05,FAIL,WEAK_CONFIRMATION_VOLUME|ENTRY_AFTER_EXHAUSTION|SCORE_V2_BELOW_PROVISIONAL_FLOOR,SL_BEFORE_TP,-0.9088957911748193,OUT_OF_TIME_VALIDATION,LATE_ENTRY_AFTER_EXHAUSTION; TREND_TOO_OLD; WEAK_CONFIRMATION_VOLUME
ET-HED-0227,SOLUSDT,RANGE_MEAN_REVERSION_CANDIDATE,LONG,2025-11-11T05:30:00Z,78.7286,79.0,PASS,,SL_BEFORE_TP,-0.8747959071729984,OUT_OF_TIME_VALIDATION,causal geometry passed without v2 penalty
ET-HED-0228,ETHUSDT,LONG_UP_CONTINUATION_RETEST,LONG,2025-11-22T03:00:00Z,78.6507,59.65,FAIL,CHOPPY_SIDEWAYS_CONTEXT,SL_BEFORE_TP,-0.8157016030717347,OUT_OF_TIME_VALIDATION,WEAK_CONFIRMATION_VOLUME; CHOPPY_SIDEWAYS_CONTEXT
ET-HED-0229,SOLUSDT,LONG_UP_CONTINUATION_RETEST,LONG,2025-11-02T08:45:00Z,78.6455,56.1,FAIL,TOO_TIGHT_STOP|WEAK_CONFIRMATION_VOLUME,SL_BEFORE_TP,-0.4164169165910625,OUT_OF_TIME_VALIDATION,TOO_TIGHT_STOP; WEAK_CONFIRMATION_VOLUME
ET-HED-0230,BTCUSDT,RANGE_MEAN_REVERSION_CANDIDATE,LONG,2025-09-25T04:00:00Z,78.6367,77.95,PASS,,SL_BEFORE_TP,-0.4245738851179455,TRAIN_DESIGN,causal geometry passed without v2 penalty
ET-HED-0231,BTCUSDT,SHORT_DOWN_CONTINUATION_RETEST,SHORT,2025-09-22T11:30:00Z,78.6359,67.85,FAIL,WEAK_CONFIRMATION_VOLUME,SL_BEFORE_TP,-0.43562741217698076,TRAIN_DESIGN,WEAK_CONFIRMATION_VOLUME
ET-HED-0232,BTCUSDT,RANGE_MEAN_REVERSION_CANDIDATE,LONG,2025-09-21T22:30:00Z,78.609,76.9,PASS,,TP_BEFORE_SL,-0.0467943472321346,TRAIN_DESIGN,causal geometry passed without v2 penalty
ET-HED-0233,BTCUSDT,RANGE_MEAN_REVERSION_CANDIDATE,SHORT,2025-11-12T07:30:00Z,78.6083,79.75,PASS,,TP_BEFORE_SL,0.09454866677521773,OUT_OF_TIME_VALIDATION,causal geometry passed without v2 penalty
ET-HED-0234,BTCUSDT,SHORT_DOWN_CONTINUATION_RETEST,SHORT,2025-07-12T22:45:00Z,78.5868,89.2,PASS,,SL_BEFORE_TP,-0.4045435846573591,TRAIN_DESIGN,causal geometry passed without v2 penalty
ET-HED-0235,ETHUSDT,SHORT_DOWN_CONTINUATION_RETEST,SHORT,2025-10-30T03:30:00Z,78.5798,26.2,FAIL,TOO_TIGHT_STOP|WEAK_CONFIRMATION_VOLUME|ENTRY_AFTER_EXHAUSTION|SCORE_V2_BELOW_PROVISIONAL_FLOOR,TP_BEFORE_SL,0.4924138176150058,TRAIN_DESIGN,TOO_TIGHT_STOP; LATE_ENTRY_AFTER_EXHAUSTION; TREND_TOO_OLD
ET-HED-0236,ETHUSDT,RANGE_MEAN_REVERSION_CANDIDATE,LONG,2025-08-30T21:00:00Z,78.5761,61.25,PASS,,TP_BEFORE_SL,0.4080735438200682,TRAIN_DESIGN,WEAK_CONFIRMATION_VOLUME
ET-HED-0237,ETHUSDT,SHORT_DOWN_CONTINUATION_RETEST,SHORT,2025-07-05T20:15:00Z,78.5541,74.45,FAIL,WEAK_CONFIRMATION_VOLUME,SL_BEFORE_TP,-0.5494876264594635,TRAIN_DESIGN,WEAK_CONFIRMATION_VOLUME
ET-HED-0238,SOLUSDT,SHORT_DOWN_CONTINUATION_RETEST,SHORT,2025-10-07T10:30:00Z,78.5533,54.35,FAIL,ENTRY_AFTER_EXHAUSTION,TP_BEFORE_SL,0.963463203463204,TRAIN_DESIGN,LATE_ENTRY_AFTER_EXHAUSTION; TREND_TOO_OLD
ET-HED-0239,BTCUSDT,LONG_UP_CONTINUATION_RETEST,LONG,2025-07-30T10:00:00Z,78.5358,74.25,FAIL,CHOPPY_SIDEWAYS_CONTEXT,SL_BEFORE_TP,-0.414593464003614,TRAIN_DESIGN,CHOPPY_SIDEWAYS_CONTEXT
ET-HED-0240,BTCUSDT,LONG_UP_CONTINUATION_RETEST,LONG,2025-10-20T10:00:00Z,78.5357,75.65,FAIL,WEAK_CONFIRMATION_VOLUME,SL_BEFORE_TP,-0.526973462829841,TRAIN_DESIGN,WEAK_CONFIRMATION_VOLUME
ET-HED-0241,BTCUSDT,SHORT_DOWN_CONTINUATION_RETEST,SHORT,2025-11-26T13:15:00Z,78.5137,58.05,FAIL,TOO_TIGHT_STOP,SL_BEFORE_TP,-0.43395385120936425,OUT_OF_TIME_VALIDATION,TOO_TIGHT_STOP; WEAK_CONFIRMATION_VOLUME
ET-HED-0242,BTCUSDT,RANGE_MEAN_REVERSION_CANDIDATE,SHORT,2025-11-29T15:45:00Z,78.5092,53.9,FAIL,TOO_TIGHT_STOP,SL_BEFORE_TP,-0.33848648097347755,OUT_OF_TIME_VALIDATION,TOO_TIGHT_STOP
ET-HED-0243,SOLUSDT,SHORT_DOWN_CONTINUATION_RETEST,SHORT,2025-07-23T19:30:00Z,78.4977,48.6,FAIL,WEAK_CONFIRMATION_VOLUME|ENTRY_AFTER_EXHAUSTION|SCORE_V2_BELOW_PROVISIONAL_FLOOR,TP_BEFORE_SL,1.284696913547565,TRAIN_DESIGN,LATE_ENTRY_AFTER_EXHAUSTION; TREND_TOO_OLD; WEAK_CONFIRMATION_VOLUME
ET-HED-0244,SOLUSDT,LONG_UP_CONTINUATION_RETEST,LONG,2025-11-22T03:00:00Z,78.4774,60.25,FAIL,WEAK_CONFIRMATION_VOLUME|CHOPPY_SIDEWAYS_CONTEXT,SL_BEFORE_TP,-0.9568551901897994,OUT_OF_TIME_VALIDATION,WEAK_CONFIRMATION_VOLUME; CHOPPY_SIDEWAYS_CONTEXT
ET-HED-0245,BTCUSDT,RANGE_MEAN_REVERSION_CANDIDATE,LONG,2025-08-17T01:15:00Z,78.477,76.0,PASS,,TP_BEFORE_SL,-0.010489108209146947,TRAIN_DESIGN,causal geometry passed without v2 penalty
ET-HED-0246,ETHUSDT,LONG_UP_CONTINUATION_RETEST,LONG,2025-11-23T00:15:00Z,78.4625,85.45,PASS,,TP_BEFORE_SL,0.4767813924701997,OUT_OF_TIME_VALIDATION,causal geometry passed without v2 penalty
ET-HED-0247,BTCUSDT,RANGE_MEAN_REVERSION_CANDIDATE,LONG,2025-08-08T11:00:00Z,78.4463,74.2,PASS,,TP_BEFORE_SL,0.17653799609745902,TRAIN_DESIGN,causal geometry passed without v2 penalty
ET-HED-0248,ETHUSDT,RANGE_MEAN_REVERSION_CANDIDATE,SHORT,2025-10-06T10:15:00Z,78.444,79.9,PASS,,SL_BEFORE_TP,-0.6081019743702003,TRAIN_DESIGN,causal geometry passed without v2 penalty
ET-HED-0249,BTCUSDT,RANGE_MEAN_REVERSION_CANDIDATE,SHORT,2025-12-04T03:15:00Z,78.4282,66.05,FAIL,WEAK_CONFIRMATION_VOLUME,TP_BEFORE_SL,0.6225705806923731,OUT_OF_TIME_VALIDATION,WEAK_CONFIRMATION_VOLUME
ET-HED-0250,ETHUSDT,LONG_UP_CONTINUATION_RETEST,LONG,2025-09-27T14:15:00Z,78.4076,76.1,FAIL,WEAK_CONFIRMATION_VOLUME,SL_BEFORE_TP,-0.4795608222262574,TRAIN_DESIGN,WEAK_CONFIRMATION_VOLUME
ET-HED-0251,ETHUSDT,RANGE_MEAN_REVERSION_CANDIDATE,SHORT,2025-09-01T09:45:00Z,78.4032,67.4,PASS,,TP_BEFORE_SL,0.6300878493257224,TRAIN_DESIGN,WEAK_CONFIRMATION_VOLUME
ET-HED-0252,BTCUSDT,RANGE_MEAN_REVERSION_CANDIDATE,LONG,2025-09-15T00:30:00Z,78.3845,76.45,PASS,,SL_BEFORE_TP,-0.4674465894637505,TRAIN_DESIGN,causal geometry passed without v2 penalty
ET-HED-0253,SOLUSDT,LONG_UP_CONTINUATION_RETEST,LONG,2025-07-21T17:15:00Z,78.3833,48.6,FAIL,WEAK_CONFIRMATION_VOLUME|ENTRY_AFTER_EXHAUSTION|SCORE_V2_BELOW_PROVISIONAL_FLOOR,SL_BEFORE_TP,-1.50788123657563,TRAIN_DESIGN,LATE_ENTRY_AFTER_EXHAUSTION; TREND_TOO_OLD; WEAK_CONFIRMATION_VOLUME
ET-HED-0254,SOLUSDT,LONG_UP_CONTINUATION_RETEST,LONG,2025-10-19T16:30:00Z,78.3801,64.7,FAIL,TOO_TIGHT_STOP,TP_BEFORE_SL,0.37407652338213804,TRAIN_DESIGN,TOO_TIGHT_STOP
ET-HED-0255,BTCUSDT,LONG_UP_CONTINUATION_RETEST,LONG,2025-11-26T03:30:00Z,78.3743,29.8,FAIL,TOO_TIGHT_STOP|WEAK_CONFIRMATION_VOLUME|ENTRY_AFTER_EXHAUSTION|SCORE_V2_BELOW_PROVISIONAL_FLOOR,SL_BEFORE_TP,-0.4772024701707064,OUT_OF_TIME_VALIDATION,TOO_TIGHT_STOP; LATE_ENTRY_AFTER_EXHAUSTION; TREND_TOO_OLD
ET-HED-0256,BTCUSDT,SHORT_DOWN_CONTINUATION_RETEST,SHORT,2025-11-28T03:45:00Z,78.3579,76.1,FAIL,WEAK_CONFIRMATION_VOLUME,SL_BEFORE_TP,-0.4624478405445683,OUT_OF_TIME_VALIDATION,WEAK_CONFIRMATION_VOLUME
ET-HED-0257,SOLUSDT,SHORT_DOWN_CONTINUATION_RETEST,SHORT,2025-08-02T21:15:00Z,78.3524,54.65,FAIL,ENTRY_AFTER_EXHAUSTION,SL_BEFORE_TP,-1.162699311346973,TRAIN_DESIGN,LATE_ENTRY_AFTER_EXHAUSTION; TREND_TOO_OLD
ET-HED-0258,SOLUSDT,RANGE_MEAN_REVERSION_CANDIDATE,LONG,2025-07-04T08:45:00Z,78.3404,67.4,PASS,,SL_BEFORE_TP,-0.816720469508556,TRAIN_DESIGN,WEAK_CONFIRMATION_VOLUME
ET-HED-0259,ETHUSDT,LONG_UP_CONTINUATION_RETEST,LONG,2025-08-08T02:15:00Z,78.3264,73.7,FAIL,WEAK_CONFIRMATION_VOLUME,TP_BEFORE_SL,0.8653015439295721,TRAIN_DESIGN,WEAK_CONFIRMATION_VOLUME
ET-HED-0260,ETHUSDT,LONG_UP_CONTINUATION_RETEST,LONG,2025-08-11T18:15:00Z,78.3254,44.1,FAIL,WEAK_CONFIRMATION_VOLUME|ENTRY_AFTER_EXHAUSTION|SCORE_V2_BELOW_PROVISIONAL_FLOOR,SL_BEFORE_TP,-1.0908095405563136,TRAIN_DESIGN,LATE_ENTRY_AFTER_EXHAUSTION; TREND_TOO_OLD; WEAK_CONFIRMATION_VOLUME
ET-HED-0261,BTCUSDT,LONG_UP_CONTINUATION_RETEST,LONG,2025-07-21T10:15:00Z,78.3237,46.65,FAIL,WEAK_CONFIRMATION_VOLUME|ENTRY_AFTER_EXHAUSTION|SCORE_V2_BELOW_PROVISIONAL_FLOOR,SL_BEFORE_TP,-0.4992554974556196,TRAIN_DESIGN,LATE_ENTRY_AFTER_EXHAUSTION; TREND_TOO_OLD; WEAK_CONFIRMATION_VOLUME
ET-HED-0262,ETHUSDT,LONG_UP_CONTINUATION_RETEST,LONG,2025-09-20T22:15:00Z,78.3198,58.5,FAIL,TOO_TIGHT_STOP|WEAK_CONFIRMATION_VOLUME,SL_BEFORE_TP,-0.35669548074782303,TRAIN_DESIGN,TOO_TIGHT_STOP; WEAK_CONFIRMATION_VOLUME
ET-HED-0263,BTCUSDT,LONG_UP_CONTINUATION_RETEST,LONG,2025-10-14T00:15:00Z,78.3165,59.6,FAIL,ENTRY_AFTER_EXHAUSTION,SL_BEFORE_TP,-0.46552648425725474,TRAIN_DESIGN,LATE_ENTRY_AFTER_EXHAUSTION; TREND_TOO_OLD
ET-HED-0264,SOLUSDT,RANGE_MEAN_REVERSION_CANDIDATE,LONG,2025-11-06T23:45:00Z,78.2937,61.25,PASS,,TP_BEFORE_SL,1.4745135587740834,OUT_OF_TIME_VALIDATION,WEAK_CONFIRMATION_VOLUME
ET-HED-0265,ETHUSDT,SHORT_DOWN_CONTINUATION_RETEST,SHORT,2025-12-04T21:30:00Z,78.284,46.05,FAIL,WEAK_CONFIRMATION_VOLUME|ENTRY_AFTER_EXHAUSTION|SCORE_V2_BELOW_PROVISIONAL_FLOOR,SL_BEFORE_TP,-1.0260363879989671,OUT_OF_TIME_VALIDATION,LATE_ENTRY_AFTER_EXHAUSTION; TREND_TOO_OLD; WEAK_CONFIRMATION_VOLUME
ET-HED-0266,BTCUSDT,RANGE_MEAN_REVERSION_CANDIDATE,LONG,2025-07-17T02:15:00Z,78.2595,76.9,PASS,,SL_BEFORE_TP,-0.5970949980597041,TRAIN_DESIGN,causal geometry passed without v2 penalty
ET-HED-0267,ETHUSDT,LONG_UP_CONTINUATION_RETEST,LONG,2025-09-28T17:00:00Z,78.246,75.8,FAIL,WEAK_CONFIRMATION_VOLUME,TP_BEFORE_SL,0.2965094161865157,TRAIN_DESIGN,WEAK_CONFIRMATION_VOLUME
ET-HED-0268,BTCUSDT,SHORT_DOWN_CONTINUATION_RETEST,SHORT,2025-09-25T19:45:00Z,78.2355,74.0,FAIL,WEAK_CONFIRMATION_VOLUME,TP_BEFORE_SL,0.5978505508520958,TRAIN_DESIGN,WEAK_CONFIRMATION_VOLUME
ET-HED-0269,BTCUSDT,RANGE_MEAN_REVERSION_CANDIDATE,LONG,2025-10-15T11:45:00Z,78.2312,58.85,FAIL,WEAK_CONFIRMATION_VOLUME,SL_BEFORE_TP,-0.48776504417274397,TRAIN_DESIGN,WEAK_CONFIRMATION_VOLUME
ET-HED-0270,ETHUSDT,LONG_UP_CONTINUATION_RETEST,LONG,2025-09-18T05:00:00Z,78.2238,78.05,PASS,,SL_BEFORE_TP,-0.5699005228324496,TRAIN_DESIGN,WEAK_CONFIRMATION_VOLUME
ET-HED-0271,ETHUSDT,SHORT_DOWN_CONTINUATION_RETEST,SHORT,2025-11-12T09:00:00Z,78.2201,74.0,PASS,,SL_BEFORE_TP,-0.6544600111865007,OUT_OF_TIME_VALIDATION,WEAK_CONFIRMATION_VOLUME
ET-HED-0272,SOLUSDT,SHORT_DOWN_CONTINUATION_RETEST,SHORT,2025-08-12T12:15:00Z,78.2135,48.0,FAIL,TOO_TIGHT_STOP|WEAK_CONFIRMATION_VOLUME|SCORE_V2_BELOW_PROVISIONAL_FLOOR,SL_BEFORE_TP,-0.5153175035703943,TRAIN_DESIGN,TOO_TIGHT_STOP; WEAK_CONFIRMATION_VOLUME
ET-HED-0273,ETHUSDT,SHORT_DOWN_CONTINUATION_RETEST,SHORT,2025-12-17T06:45:00Z,78.2081,86.5,PASS,,SL_BEFORE_TP,-0.5710706505006526,OUT_OF_TIME_VALIDATION,causal geometry passed without v2 penalty
ET-HED-0274,BTCUSDT,SHORT_DOWN_CONTINUATION_RETEST,SHORT,2025-08-28T01:30:00Z,78.204,68.0,FAIL,TOO_TIGHT_STOP,SL_BEFORE_TP,-0.4219481813456161,TRAIN_DESIGN,TOO_TIGHT_STOP
ET-HED-0275,ETHUSDT,SHORT_DOWN_CONTINUATION_RETEST,SHORT,2025-08-22T14:00:00Z,78.1909,76.75,PASS,,SL_BEFORE_TP,-1.037942957298375,TRAIN_DESIGN,causal geometry passed without v2 penalty
ET-HED-0276,BTCUSDT,RANGE_MEAN_REVERSION_CANDIDATE,LONG,2025-11-25T19:45:00Z,78.183,76.9,PASS,,TP_BEFORE_SL,0.6514942814304179,OUT_OF_TIME_VALIDATION,causal geometry passed without v2 penalty
ET-HED-0277,SOLUSDT,LONG_UP_CONTINUATION_RETEST,LONG,2025-08-20T18:45:00Z,78.1695,75.5,FAIL,WEAK_CONFIRMATION_VOLUME,TP_BEFORE_SL,1.2254608847243396,TRAIN_DESIGN,WEAK_CONFIRMATION_VOLUME
ET-HED-0278,ETHUSDT,LONG_UP_CONTINUATION_RETEST,LONG,2025-11-19T11:45:00Z,78.1296,58.35,FAIL,TOO_TIGHT_STOP|WEAK_CONFIRMATION_VOLUME,SL_BEFORE_TP,-0.5669823040449226,OUT_OF_TIME_VALIDATION,TOO_TIGHT_STOP; WEAK_CONFIRMATION_VOLUME
ET-HED-0279,SOLUSDT,RANGE_MEAN_REVERSION_CANDIDATE,SHORT,2025-08-20T10:30:00Z,78.1261,65.45,FAIL,WEAK_CONFIRMATION_VOLUME,TP_BEFORE_SL,0.85348514813177,TRAIN_DESIGN,WEAK_CONFIRMATION_VOLUME
ET-HED-0280,SOLUSDT,SHORT_DOWN_CONTINUATION_RETEST,SHORT,2025-08-21T21:45:00Z,78.1257,71.15,FAIL,WEAK_CONFIRMATION_VOLUME,SL_BEFORE_TP,-0.683443854995567,TRAIN_DESIGN,WEAK_CONFIRMATION_VOLUME
ET-HED-0281,BTCUSDT,LONG_UP_CONTINUATION_RETEST,LONG,2025-09-07T13:30:00Z,78.1226,60.65,FAIL,TOO_TIGHT_STOP,TP_BEFORE_SL,-0.07050987805820028,TRAIN_DESIGN,TOO_TIGHT_STOP
ET-HED-0282,ETHUSDT,SHORT_DOWN_CONTINUATION_RETEST,SHORT,2025-07-04T21:00:00Z,78.1198,72.8,FAIL,WEAK_CONFIRMATION_VOLUME,SL_BEFORE_TP,-0.5291654461930102,TRAIN_DESIGN,WEAK_CONFIRMATION_VOLUME
ET-HED-0283,ETHUSDT,RANGE_MEAN_REVERSION_CANDIDATE,SHORT,2025-09-08T11:00:00Z,78.1124,76.9,PASS,,TP_BEFORE_SL,0.21837578274257435,TRAIN_DESIGN,causal geometry passed without v2 penalty
ET-HED-0284,ETHUSDT,SHORT_DOWN_CONTINUATION_RETEST,SHORT,2025-08-19T06:00:00Z,78.1111,48.0,FAIL,WEAK_CONFIRMATION_VOLUME|ENTRY_AFTER_EXHAUSTION|SCORE_V2_BELOW_PROVISIONAL_FLOOR,SL_BEFORE_TP,-0.7944458076762198,TRAIN_DESIGN,LATE_ENTRY_AFTER_EXHAUSTION; TREND_TOO_OLD; WEAK_CONFIRMATION_VOLUME
ET-HED-0285,ETHUSDT,SHORT_DOWN_CONTINUATION_RETEST,SHORT,2025-12-05T23:00:00Z,78.096,57.75,FAIL,TOO_TIGHT_STOP|WEAK_CONFIRMATION_VOLUME,TP_BEFORE_SL,0.3215880388354646,OUT_OF_TIME_VALIDATION,TOO_TIGHT_STOP; WEAK_CONFIRMATION_VOLUME
ET-HED-0286,ETHUSDT,LONG_UP_CONTINUATION_RETEST,LONG,2025-08-12T10:30:00Z,78.0935,83.65,PASS,,SL_BEFORE_TP,-0.7816711796483786,TRAIN_DESIGN,causal geometry passed without v2 penalty
ET-HED-0287,BTCUSDT,SHORT_DOWN_CONTINUATION_RETEST,SHORT,2025-08-25T15:15:00Z,78.0844,82.6,PASS,,SL_BEFORE_TP,-0.6568843548480866,TRAIN_DESIGN,causal geometry passed without v2 penalty
ET-HED-0288,BTCUSDT,LONG_UP_CONTINUATION_RETEST,LONG,2025-10-27T18:45:00Z,78.0832,58.5,FAIL,TOO_TIGHT_STOP|WEAK_CONFIRMATION_VOLUME,SL_BEFORE_TP,-0.41264433609081386,TRAIN_DESIGN,TOO_TIGHT_STOP; WEAK_CONFIRMATION_VOLUME
ET-HED-0289,BTCUSDT,LONG_UP_CONTINUATION_RETEST,LONG,2025-10-20T17:00:00Z,78.0461,86.2,PASS,,SL_BEFORE_TP,-0.80994143818949,TRAIN_DESIGN,causal geometry passed without v2 penalty
ET-HED-0290,SOLUSDT,LONG_UP_CONTINUATION_RETEST,LONG,2025-09-10T09:30:00Z,78.0382,69.8,FAIL,WEAK_CONFIRMATION_VOLUME,SL_BEFORE_TP,-0.7331575186778395,TRAIN_DESIGN,WEAK_CONFIRMATION_VOLUME
ET-HED-0291,BTCUSDT,LONG_UP_CONTINUATION_RETEST,LONG,2025-07-16T02:00:00Z,78.0123,54.25,FAIL,TOO_TIGHT_STOP|CHOPPY_SIDEWAYS_CONTEXT,SL_BEFORE_TP,-0.4013441889944705,TRAIN_DESIGN,TOO_TIGHT_STOP; CHOPPY_SIDEWAYS_CONTEXT
ET-HED-0292,SOLUSDT,LONG_UP_CONTINUATION_RETEST,LONG,2025-08-18T19:30:00Z,78.006,53.4,FAIL,WEAK_CONFIRMATION_VOLUME|ENTRY_AFTER_EXHAUSTION,SL_BEFORE_TP,-0.7038297931409825,TRAIN_DESIGN,LATE_ENTRY_AFTER_EXHAUSTION; TREND_TOO_OLD; WEAK_CONFIRMATION_VOLUME
ET-HED-0293,ETHUSDT,LONG_UP_CONTINUATION_RETEST,LONG,2025-08-23T17:15:00Z,77.999,56.7,FAIL,TOO_TIGHT_STOP|WEAK_CONFIRMATION_VOLUME,SL_BEFORE_TP,-0.4725160344119692,TRAIN_DESIGN,TOO_TIGHT_STOP; WEAK_CONFIRMATION_VOLUME
ET-HED-0294,BTCUSDT,LONG_UP_CONTINUATION_RETEST,LONG,2025-09-14T11:00:00Z,77.9988,78.95,PASS,,SL_BEFORE_TP,-0.31280183523251115,TRAIN_DESIGN,WEAK_CONFIRMATION_VOLUME
ET-HED-0295,SOLUSDT,RANGE_MEAN_REVERSION_CANDIDATE,LONG,2025-10-07T01:00:00Z,77.9985,60.8,FAIL,WEAK_CONFIRMATION_VOLUME,SL_BEFORE_TP,-0.6788993161878636,TRAIN_DESIGN,WEAK_CONFIRMATION_VOLUME
ET-HED-0296,ETHUSDT,RANGE_MEAN_REVERSION_CANDIDATE,LONG,2025-09-28T12:00:00Z,77.9941,76.9,PASS,,SL_BEFORE_TP,-0.44349955715748635,TRAIN_DESIGN,causal geometry passed without v2 penalty
ET-HED-0297,BTCUSDT,LONG_UP_CONTINUATION_RETEST,LONG,2025-10-31T03:15:00Z,77.9887,59.9,FAIL,ENTRY_AFTER_EXHAUSTION,TP_BEFORE_SL,0.6776965575213602,TRAIN_DESIGN,LATE_ENTRY_AFTER_EXHAUSTION; TREND_TOO_OLD
ET-HED-0298,BTCUSDT,LONG_UP_CONTINUATION_RETEST,LONG,2025-10-27T02:45:00Z,77.9871,69.65,FAIL,WEAK_CONFIRMATION_VOLUME,TP_BEFORE_SL,0.12145475934413658,TRAIN_DESIGN,WEAK_CONFIRMATION_VOLUME
ET-HED-0299,BTCUSDT,SHORT_DOWN_CONTINUATION_RETEST,SHORT,2025-11-25T16:00:00Z,77.9803,89.95,PASS,,SL_BEFORE_TP,-0.6641754270485382,OUT_OF_TIME_VALIDATION,causal geometry passed without v2 penalty
ET-HED-0300,BTCUSDT,LONG_UP_CONTINUATION_RETEST,LONG,2025-10-23T19:30:00Z,77.9768,74.9,FAIL,WEAK_CONFIRMATION_VOLUME,SL_BEFORE_TP,-0.680108195246262,TRAIN_DESIGN,WEAK_CONFIRMATION_VOLUME
ET-HED-0301,BTCUSDT,RANGE_MEAN_REVERSION_CANDIDATE,SHORT,2025-07-29T08:00:00Z,77.9756,72.25,PASS,,TP_BEFORE_SL,0.363082133482026,TRAIN_DESIGN,causal geometry passed without v2 penalty
ET-HED-0302,ETHUSDT,RANGE_MEAN_REVERSION_CANDIDATE,LONG,2025-07-30T12:00:00Z,77.9612,76.45,PASS,,TP_BEFORE_SL,0.5893464743572747,TRAIN_DESIGN,causal geometry passed without v2 penalty
ET-HED-0303,ETHUSDT,LONG_UP_CONTINUATION_RETEST,LONG,2025-07-13T06:15:00Z,77.9271,75.5,FAIL,WEAK_CONFIRMATION_VOLUME,TP_BEFORE_SL,0.09315727461098289,TRAIN_DESIGN,WEAK_CONFIRMATION_VOLUME
ET-HED-0304,SOLUSDT,RANGE_MEAN_REVERSION_CANDIDATE,LONG,2025-09-21T22:45:00Z,77.9265,76.6,PASS,,SL_BEFORE_TP,-0.6948151231048636,TRAIN_DESIGN,causal geometry passed without v2 penalty
ET-HED-0305,BTCUSDT,RANGE_MEAN_REVERSION_CANDIDATE,SHORT,2025-10-06T12:00:00Z,77.9259,76.45,PASS,,SL_BEFORE_TP,-0.4391749682405467,TRAIN_DESIGN,causal geometry passed without v2 penalty
ET-HED-0306,BTCUSDT,SHORT_DOWN_CONTINUATION_RETEST,SHORT,2025-09-17T20:00:00Z,77.9002,74.6,FAIL,WEAK_CONFIRMATION_VOLUME,SL_BEFORE_TP,-0.5887985978714384,TRAIN_DESIGN,WEAK_CONFIRMATION_VOLUME
ET-HED-0307,BTCUSDT,RANGE_MEAN_REVERSION_CANDIDATE,LONG,2025-11-24T12:30:00Z,77.8984,67.25,FAIL,WEAK_CONFIRMATION_VOLUME,SL_BEFORE_TP,-0.7338922147197675,OUT_OF_TIME_VALIDATION,WEAK_CONFIRMATION_VOLUME
ET-HED-0308,SOLUSDT,LONG_UP_CONTINUATION_RETEST,LONG,2025-12-16T18:15:00Z,77.8933,43.65,FAIL,WEAK_CONFIRMATION_VOLUME|ENTRY_AFTER_EXHAUSTION|SCORE_V2_BELOW_PROVISIONAL_FLOOR,SL_BEFORE_TP,-0.8114914184952879,OUT_OF_TIME_VALIDATION,LATE_ENTRY_AFTER_EXHAUSTION; TREND_TOO_OLD; WEAK_CONFIRMATION_VOLUME
ET-HED-0309,ETHUSDT,RANGE_MEAN_REVERSION_CANDIDATE,LONG,2025-11-02T15:15:00Z,77.8896,75.25,PASS,,SL_BEFORE_TP,-0.570150115626707,OUT_OF_TIME_VALIDATION,causal geometry passed without v2 penalty
ET-HED-0310,BTCUSDT,SHORT_DOWN_CONTINUATION_RETEST,SHORT,2025-08-13T07:15:00Z,77.8823,52.15,FAIL,TOO_TIGHT_STOP|CHOPPY_SIDEWAYS_CONTEXT,SL_BEFORE_TP,-0.38370551419961785,TRAIN_DESIGN,TOO_TIGHT_STOP; CHOPPY_SIDEWAYS_CONTEXT
ET-HED-0311,ETHUSDT,SHORT_DOWN_CONTINUATION_RETEST,SHORT,2025-12-07T11:00:00Z,77.8792,78.2,FAIL,WEAK_CONFIRMATION_VOLUME,SL_BEFORE_TP,-0.46254435290090123,OUT_OF_TIME_VALIDATION,WEAK_CONFIRMATION_VOLUME
ET-HED-0312,SOLUSDT,SHORT_DOWN_CONTINUATION_RETEST,SHORT,2025-11-11T23:00:00Z,77.873,82.45,PASS,,TP_BEFORE_SL,0.5003625223385222,OUT_OF_TIME_VALIDATION,causal geometry passed without v2 penalty
ET-HED-0313,BTCUSDT,LONG_UP_CONTINUATION_RETEST,LONG,2025-10-08T12:00:00Z,77.8713,53.1,FAIL,TOO_TIGHT_STOP|WEAK_CONFIRMATION_VOLUME,SL_BEFORE_TP,-0.39105600556752396,TRAIN_DESIGN,TOO_TIGHT_STOP; WEAK_CONFIRMATION_VOLUME
ET-HED-0314,SOLUSDT,SHORT_DOWN_CONTINUATION_RETEST,SHORT,2025-12-17T06:45:00Z,77.8621,75.5,FAIL,WEAK_CONFIRMATION_VOLUME,SL_BEFORE_TP,-0.5668035090467665,OUT_OF_TIME_VALIDATION,WEAK_CONFIRMATION_VOLUME
ET-HED-0315,ETHUSDT,LONG_UP_CONTINUATION_RETEST,LONG,2025-12-11T23:45:00Z,77.86,48.9,FAIL,WEAK_CONFIRMATION_VOLUME|ENTRY_AFTER_EXHAUSTION|SCORE_V2_BELOW_PROVISIONAL_FLOOR,SL_BEFORE_TP,-0.873737066659261,OUT_OF_TIME_VALIDATION,LATE_ENTRY_AFTER_EXHAUSTION; TREND_TOO_OLD; WEAK_CONFIRMATION_VOLUME
ET-HED-0316,SOLUSDT,RANGE_MEAN_REVERSION_CANDIDATE,SHORT,2025-08-29T04:15:00Z,77.853,68.45,PASS,,SL_BEFORE_TP,-0.9064055255005269,TRAIN_DESIGN,WEAK_CONFIRMATION_VOLUME
ET-HED-0317,ETHUSDT,LONG_UP_CONTINUATION_RETEST,LONG,2025-10-07T07:30:00Z,77.8334,58.85,FAIL,ENTRY_AFTER_EXHAUSTION,SL_BEFORE_TP,-0.6415003157127963,TRAIN_DESIGN,LATE_ENTRY_AFTER_EXHAUSTION; TREND_TOO_OLD
ET-HED-0318,ETHUSDT,SHORT_DOWN_CONTINUATION_RETEST,SHORT,2025-08-28T18:45:00Z,77.8289,49.2,FAIL,WEAK_CONFIRMATION_VOLUME|ENTRY_AFTER_EXHAUSTION|SCORE_V2_BELOW_PROVISIONAL_FLOOR,TP_BEFORE_SL,0.5085559747587549,TRAIN_DESIGN,LATE_ENTRY_AFTER_EXHAUSTION; TREND_TOO_OLD; WEAK_CONFIRMATION_VOLUME
ET-HED-0319,ETHUSDT,SHORT_DOWN_CONTINUATION_RETEST,SHORT,2025-09-25T20:00:00Z,77.7971,42.9,FAIL,WEAK_CONFIRMATION_VOLUME|ENTRY_AFTER_EXHAUSTION|SCORE_V2_BELOW_PROVISIONAL_FLOOR,SL_BEFORE_TP,-1.282019079453625,TRAIN_DESIGN,LATE_ENTRY_AFTER_EXHAUSTION; TREND_TOO_OLD; WEAK_CONFIRMATION_VOLUME
ET-HED-0320,SOLUSDT,LONG_UP_CONTINUATION_RETEST,LONG,2025-09-13T09:45:00Z,77.7948,53.5,FAIL,TOO_TIGHT_STOP|CHOPPY_SIDEWAYS_CONTEXT,TP_BEFORE_SL,-0.0013365155131330742,TRAIN_DESIGN,TOO_TIGHT_STOP; CHOPPY_SIDEWAYS_CONTEXT
ET-HED-0321,SOLUSDT,SHORT_DOWN_CONTINUATION_RETEST,SHORT,2025-12-06T10:00:00Z,77.7648,87.85,PASS,,SL_BEFORE_TP,-0.49581177180803054,OUT_OF_TIME_VALIDATION,causal geometry passed without v2 penalty
ET-HED-0322,BTCUSDT,RANGE_MEAN_REVERSION_CANDIDATE,SHORT,2025-11-07T17:45:00Z,77.763,76.45,PASS,,SL_BEFORE_TP,-0.9331279514907721,OUT_OF_TIME_VALIDATION,causal geometry passed without v2 penalty
ET-HED-0323,ETHUSDT,LONG_UP_CONTINUATION_RETEST,LONG,2025-10-31T21:45:00Z,77.7542,52.95,FAIL,ENTRY_AFTER_EXHAUSTION,SL_BEFORE_TP,-0.7582866829091243,TRAIN_DESIGN,LATE_ENTRY_AFTER_EXHAUSTION; TREND_TOO_OLD; WEAK_CONFIRMATION_VOLUME
ET-HED-0324,ETHUSDT,SHORT_DOWN_CONTINUATION_RETEST,SHORT,2025-08-29T16:30:00Z,77.7409,39.9,FAIL,WEAK_CONFIRMATION_VOLUME|ENTRY_AFTER_EXHAUSTION|SCORE_V2_BELOW_PROVISIONAL_FLOOR,SL_BEFORE_TP,-0.8330954872696682,TRAIN_DESIGN,LATE_ENTRY_AFTER_EXHAUSTION; TREND_TOO_OLD; WEAK_CONFIRMATION_VOLUME
ET-HED-0325,BTCUSDT,SHORT_DOWN_CONTINUATION_RETEST,SHORT,2025-10-07T19:30:00Z,77.7396,75.05,FAIL,WEAK_CONFIRMATION_VOLUME,SL_BEFORE_TP,-0.5631008531871041,TRAIN_DESIGN,WEAK_CONFIRMATION_VOLUME
ET-HED-0326,ETHUSDT,LONG_UP_CONTINUATION_RETEST,LONG,2025-10-12T11:15:00Z,77.7317,88.45,PASS,,SL_BEFORE_TP,-0.7184689566931715,TRAIN_DESIGN,causal geometry passed without v2 penalty
ET-HED-0327,SOLUSDT,RANGE_MEAN_REVERSION_CANDIDATE,SHORT,2025-07-04T05:45:00Z,77.7289,76.75,PASS,,TP_BEFORE_SL,0.7123498530660144,TRAIN_DESIGN,causal geometry passed without v2 penalty
ET-HED-0328,ETHUSDT,RANGE_MEAN_REVERSION_CANDIDATE,LONG,2025-09-21T23:30:00Z,77.7013,77.5,PASS,,SL_BEFORE_TP,-0.45720825394828624,TRAIN_DESIGN,causal geometry passed without v2 penalty
ET-HED-0329,ETHUSDT,LONG_UP_CONTINUATION_RETEST,LONG,2025-08-22T09:45:00Z,77.6863,84.7,PASS,,SL_BEFORE_TP,-0.6810166280275101,TRAIN_DESIGN,causal geometry passed without v2 penalty
ET-HED-0330,ETHUSDT,LONG_UP_CONTINUATION_RETEST,LONG,2025-07-07T00:15:00Z,77.6767,54.05,FAIL,ENTRY_AFTER_EXHAUSTION,SL_BEFORE_TP,-0.7264806526326331,TRAIN_DESIGN,LATE_ENTRY_AFTER_EXHAUSTION; TREND_TOO_OLD
ET-HED-0331,ETHUSDT,LONG_UP_CONTINUATION_RETEST,LONG,2025-08-20T23:45:00Z,77.6387,59.25,FAIL,TOO_TIGHT_STOP|WEAK_CONFIRMATION_VOLUME,SL_BEFORE_TP,-0.6011007251564956,TRAIN_DESIGN,TOO_TIGHT_STOP; WEAK_CONFIRMATION_VOLUME
ET-HED-0332,ETHUSDT,RANGE_MEAN_REVERSION_CANDIDATE,LONG,2025-11-22T13:00:00Z,77.6364,76.3,PASS,,TP_BEFORE_SL,0.6917991385773303,OUT_OF_TIME_VALIDATION,causal geometry passed without v2 penalty
ET-HED-0333,SOLUSDT,RANGE_MEAN_REVERSION_CANDIDATE,SHORT,2025-11-07T06:30:00Z,77.6278,58.85,FAIL,WEAK_CONFIRMATION_VOLUME,TP_BEFORE_SL,0.8162562076177096,OUT_OF_TIME_VALIDATION,WEAK_CONFIRMATION_VOLUME
ET-HED-0334,ETHUSDT,LONG_UP_CONTINUATION_RETEST,LONG,2025-07-18T00:30:00Z,77.622,77.0,FAIL,WEAK_CONFIRMATION_VOLUME,TP_BEFORE_SL,1.0452391533691905,TRAIN_DESIGN,WEAK_CONFIRMATION_VOLUME
ET-HED-0335,ETHUSDT,LONG_UP_CONTINUATION_RETEST,LONG,2025-10-18T07:45:00Z,77.6206,80.25,PASS,,SL_BEFORE_TP,-0.7063096732837244,TRAIN_DESIGN,BOLLINGER_EXTENSION_RISK
ET-HED-0336,BTCUSDT,RANGE_MEAN_REVERSION_CANDIDATE,SHORT,2025-11-22T19:30:00Z,77.6199,65.9,FAIL,WEAK_CONFIRMATION_VOLUME,SL_BEFORE_TP,-0.5195740178080529,OUT_OF_TIME_VALIDATION,WEAK_CONFIRMATION_VOLUME
ET-HED-0337,BTCUSDT,RANGE_MEAN_REVERSION_CANDIDATE,LONG,2025-07-18T10:30:00Z,77.6102,66.05,PASS,,SL_BEFORE_TP,-0.634037126650784,TRAIN_DESIGN,WEAK_CONFIRMATION_VOLUME
ET-HED-0338,SOLUSDT,RANGE_MEAN_REVERSION_CANDIDATE,LONG,2025-12-17T05:45:00Z,77.6017,62.15,FAIL,WEAK_CONFIRMATION_VOLUME,TP_BEFORE_SL,0.5486682884720987,OUT_OF_TIME_VALIDATION,WEAK_CONFIRMATION_VOLUME
ET-HED-0339,ETHUSDT,SHORT_DOWN_CONTINUATION_RETEST,SHORT,2025-08-25T00:00:00Z,77.5933,75.5,FAIL,WEAK_CONFIRMATION_VOLUME,TP_BEFORE_SL,0.9407160863152748,TRAIN_DESIGN,WEAK_CONFIRMATION_VOLUME
ET-HED-0340,SOLUSDT,LONG_UP_CONTINUATION_RETEST,LONG,2025-10-18T09:30:00Z,77.5659,43.65,FAIL,WEAK_CONFIRMATION_VOLUME|ENTRY_AFTER_EXHAUSTION|SCORE_V2_BELOW_PROVISIONAL_FLOOR,SL_BEFORE_TP,-0.7916800504643795,TRAIN_DESIGN,LATE_ENTRY_AFTER_EXHAUSTION; TREND_TOO_OLD; WEAK_CONFIRMATION_VOLUME
ET-HED-0341,BTCUSDT,LONG_UP_CONTINUATION_RETEST,LONG,2025-08-17T10:45:00Z,77.522,72.65,FAIL,WEAK_CONFIRMATION_VOLUME,SL_BEFORE_TP,-0.34203916064815654,TRAIN_DESIGN,WEAK_CONFIRMATION_VOLUME
ET-HED-0342,SOLUSDT,SHORT_DOWN_CONTINUATION_RETEST,SHORT,2025-10-11T14:15:00Z,77.4886,66.95,FAIL,TOO_TIGHT_STOP,SL_BEFORE_TP,-0.9543520546454144,TRAIN_DESIGN,TOO_TIGHT_STOP
ET-HED-0343,BTCUSDT,LONG_UP_CONTINUATION_RETEST,LONG,2025-08-22T20:15:00Z,77.479,48.9,FAIL,WEAK_CONFIRMATION_VOLUME|ENTRY_AFTER_EXHAUSTION|SCORE_V2_BELOW_PROVISIONAL_FLOOR,SL_BEFORE_TP,-0.567126036665105,TRAIN_DESIGN,LATE_ENTRY_AFTER_EXHAUSTION; TREND_TOO_OLD; WEAK_CONFIRMATION_VOLUME
ET-HED-0344,SOLUSDT,LONG_UP_CONTINUATION_RETEST,LONG,2025-07-14T07:15:00Z,77.466,68.9,FAIL,WEAK_CONFIRMATION_VOLUME,SL_BEFORE_TP,-0.8496561477382112,TRAIN_DESIGN,WEAK_CONFIRMATION_VOLUME
ET-HED-0345,ETHUSDT,SHORT_DOWN_CONTINUATION_RETEST,SHORT,2025-11-02T12:30:00Z,77.4197,54.65,FAIL,ENTRY_AFTER_EXHAUSTION,TP_BEFORE_SL,0.5076178212722173,OUT_OF_TIME_VALIDATION,LATE_ENTRY_AFTER_EXHAUSTION; TREND_TOO_OLD
ET-HED-0346,BTCUSDT,SHORT_DOWN_CONTINUATION_RETEST,SHORT,2025-07-29T17:45:00Z,77.4053,74.45,FAIL,WEAK_CONFIRMATION_VOLUME,SL_BEFORE_TP,-0.6036880238793334,TRAIN_DESIGN,WEAK_CONFIRMATION_VOLUME
ET-HED-0347,BTCUSDT,LONG_UP_CONTINUATION_RETEST,LONG,2025-09-15T23:15:00Z,77.3957,56.25,FAIL,TOO_TIGHT_STOP|WEAK_CONFIRMATION_VOLUME,SL_BEFORE_TP,-0.37545866797829985,TRAIN_DESIGN,TOO_TIGHT_STOP; WEAK_CONFIRMATION_VOLUME
ET-HED-0348,ETHUSDT,SHORT_DOWN_CONTINUATION_RETEST,SHORT,2025-10-10T09:45:00Z,77.3742,65.9,FAIL,TOO_TIGHT_STOP,SL_BEFORE_TP,-0.504275220279026,TRAIN_DESIGN,TOO_TIGHT_STOP
ET-HED-0349,ETHUSDT,LONG_UP_CONTINUATION_RETEST,LONG,2025-12-02T02:15:00Z,77.3598,69.65,FAIL,WEAK_CONFIRMATION_VOLUME,SL_BEFORE_TP,-0.799736961268117,OUT_OF_TIME_VALIDATION,WEAK_CONFIRMATION_VOLUME
ET-HED-0350,SOLUSDT,RANGE_MEAN_REVERSION_CANDIDATE,LONG,2025-08-19T17:30:00Z,77.3554,76.3,PASS,,SL_BEFORE_TP,-0.781087446057282,TRAIN_DESIGN,causal geometry passed without v2 penalty
ET-HED-0351,ETHUSDT,SHORT_DOWN_CONTINUATION_RETEST,SHORT,2025-09-22T04:15:00Z,77.3464,70.1,FAIL,WEAK_CONFIRMATION_VOLUME,TP_BEFORE_SL,0.5935233698358482,TRAIN_DESIGN,WEAK_CONFIRMATION_VOLUME
ET-HED-0352,BTCUSDT,SHORT_DOWN_CONTINUATION_RETEST,SHORT,2025-08-29T22:45:00Z,77.3421,67.85,FAIL,WEAK_CONFIRMATION_VOLUME,SL_BEFORE_TP,-0.5069042157520276,TRAIN_DESIGN,WEAK_CONFIRMATION_VOLUME
ET-HED-0353,ETHUSDT,LONG_UP_CONTINUATION_RETEST,LONG,2025-08-04T18:30:00Z,77.3378,66.95,FAIL,WEAK_CONFIRMATION_VOLUME,SL_BEFORE_TP,-0.646096906366749,TRAIN_DESIGN,WEAK_CONFIRMATION_VOLUME
ET-HED-0354,SOLUSDT,LONG_UP_CONTINUATION_RETEST,LONG,2025-08-04T00:00:00Z,77.3368,43.7,FAIL,TOO_TIGHT_STOP|WEAK_CONFIRMATION_VOLUME|CHOPPY_SIDEWAYS_CONTEXT|SCORE_V2_BELOW_PROVISIONAL_FLOOR,SL_BEFORE_TP,-0.505505439278883,TRAIN_DESIGN,TOO_TIGHT_STOP; WEAK_CONFIRMATION_VOLUME; CHOPPY_SIDEWAYS_CONTEXT
ET-HED-0355,ETHUSDT,RANGE_MEAN_REVERSION_CANDIDATE,LONG,2025-12-17T05:45:00Z,77.3158,71.8,PASS,,TP_BEFORE_SL,0.3694859293151188,OUT_OF_TIME_VALIDATION,causal geometry passed without v2 penalty
ET-HED-0356,BTCUSDT,LONG_UP_CONTINUATION_RETEST,LONG,2025-09-23T11:00:00Z,77.2951,48.0,FAIL,WEAK_CONFIRMATION_VOLUME|ENTRY_AFTER_EXHAUSTION|SCORE_V2_BELOW_PROVISIONAL_FLOOR,SL_BEFORE_TP,-0.3884222638766011,TRAIN_DESIGN,LATE_ENTRY_AFTER_EXHAUSTION; TREND_TOO_OLD; WEAK_CONFIRMATION_VOLUME
ET-HED-0357,SOLUSDT,RANGE_MEAN_REVERSION_CANDIDATE,SHORT,2025-10-03T19:45:00Z,77.2729,60.2,FAIL,WEAK_CONFIRMATION_VOLUME,TP_BEFORE_SL,0.9392486365382251,TRAIN_DESIGN,WEAK_CONFIRMATION_VOLUME
ET-HED-0358,BTCUSDT,LONG_UP_CONTINUATION_RETEST,LONG,2025-10-06T04:15:00Z,77.2699,53.1,FAIL,TOO_TIGHT_STOP|WEAK_CONFIRMATION_VOLUME,SL_BEFORE_TP,-0.4155746515177951,TRAIN_DESIGN,TOO_TIGHT_STOP; WEAK_CONFIRMATION_VOLUME
ET-HED-0359,SOLUSDT,RANGE_MEAN_REVERSION_CANDIDATE,SHORT,2025-12-01T23:45:00Z,77.2646,64.4,FAIL,WEAK_CONFIRMATION_VOLUME,SL_BEFORE_TP,-0.8933623356169866,OUT_OF_TIME_VALIDATION,WEAK_CONFIRMATION_VOLUME
ET-HED-0360,ETHUSDT,RANGE_MEAN_REVERSION_CANDIDATE,SHORT,2025-12-06T12:00:00Z,77.2281,72.7,PASS,,SL_BEFORE_TP,-0.42699931194245494,OUT_OF_TIME_VALIDATION,causal geometry passed without v2 penalty
ET-HED-0361,ETHUSDT,SHORT_DOWN_CONTINUATION_RETEST,SHORT,2025-12-17T12:00:00Z,77.1873,42.15,FAIL,TOO_TIGHT_STOP|ENTRY_AFTER_EXHAUSTION|SCORE_V2_BELOW_PROVISIONAL_FLOOR,SL_BEFORE_TP,-0.48427571046637996,OUT_OF_TIME_VALIDATION,TOO_TIGHT_STOP; LATE_ENTRY_AFTER_EXHAUSTION; TREND_TOO_OLD
ET-HED-0362,ETHUSDT,RANGE_MEAN_REVERSION_CANDIDATE,LONG,2025-08-31T23:00:00Z,77.1663,74.95,PASS,,SL_BEFORE_TP,-0.5360785274665822,TRAIN_DESIGN,causal geometry passed without v2 penalty
ET-HED-0363,BTCUSDT,LONG_UP_CONTINUATION_RETEST,LONG,2025-10-24T14:00:00Z,77.1479,73.75,PASS,,SL_BEFORE_TP,-0.7922273279907748,TRAIN_DESIGN,causal geometry passed without v2 penalty
ET-HED-0364,BTCUSDT,RANGE_MEAN_REVERSION_CANDIDATE,SHORT,2025-07-21T03:45:00Z,77.1458,80.2,PASS,,SL_BEFORE_TP,-0.5470457323550302,TRAIN_DESIGN,causal geometry passed without v2 penalty
ET-HED-0365,BTCUSDT,SHORT_DOWN_CONTINUATION_RETEST,SHORT,2025-08-25T23:00:00Z,77.1341,74.3,FAIL,WEAK_CONFIRMATION_VOLUME,TP_BEFORE_SL,0.5580973413126334,TRAIN_DESIGN,WEAK_CONFIRMATION_VOLUME
ET-HED-0366,ETHUSDT,SHORT_DOWN_CONTINUATION_RETEST,SHORT,2025-07-23T19:30:00Z,77.1284,41.7,FAIL,WEAK_CONFIRMATION_VOLUME|ENTRY_AFTER_EXHAUSTION|SCORE_V2_BELOW_PROVISIONAL_FLOOR,TP_BEFORE_SL,0.9467603612024462,TRAIN_DESIGN,LATE_ENTRY_AFTER_EXHAUSTION; TREND_TOO_OLD; WEAK_CONFIRMATION_VOLUME
ET-HED-0367,SOLUSDT,LONG_UP_CONTINUATION_RETEST,LONG,2025-07-27T23:45:00Z,77.0995,60.7,FAIL,CHOPPY_SIDEWAYS_CONTEXT,TP_BEFORE_SL,1.029183792682272,TRAIN_DESIGN,WEAK_CONFIRMATION_VOLUME; CHOPPY_SIDEWAYS_CONTEXT
ET-HED-0368,ETHUSDT,RANGE_MEAN_REVERSION_CANDIDATE,LONG,2025-12-07T10:00:00Z,77.095,76.45,PASS,,TP_BEFORE_SL,0.10484237898343352,OUT_OF_TIME_VALIDATION,causal geometry passed without v2 penalty
ET-HED-0369,BTCUSDT,RANGE_MEAN_REVERSION_CANDIDATE,SHORT,2025-11-26T02:30:00Z,77.0916,67.4,PASS,,TP_BEFORE_SL,0.46517089003135903,OUT_OF_TIME_VALIDATION,WEAK_CONFIRMATION_VOLUME
ET-HED-0370,ETHUSDT,SHORT_DOWN_CONTINUATION_RETEST,SHORT,2025-09-15T02:30:00Z,77.072,80.8,PASS,,SL_BEFORE_TP,-0.5574673438934942,TRAIN_DESIGN,causal geometry passed without v2 penalty
ET-HED-0371,BTCUSDT,RANGE_MEAN_REVERSION_CANDIDATE,LONG,2025-10-19T08:00:00Z,77.0714,63.65,FAIL,WEAK_CONFIRMATION_VOLUME,AMBIGUOUS_INTRACANDLE,,TRAIN_DESIGN,WEAK_CONFIRMATION_VOLUME
ET-HED-0372,ETHUSDT,SHORT_DOWN_CONTINUATION_RETEST,SHORT,2025-07-14T21:00:00Z,77.0409,61.65,FAIL,TOO_TIGHT_STOP,SL_BEFORE_TP,-0.5638876357365948,TRAIN_DESIGN,TOO_TIGHT_STOP; WEAK_CONFIRMATION_VOLUME
ET-HED-0373,ETHUSDT,RANGE_MEAN_REVERSION_CANDIDATE,LONG,2025-11-26T11:15:00Z,77.0334,76.0,PASS,,SL_BEFORE_TP,-0.6760026980316791,OUT_OF_TIME_VALIDATION,causal geometry passed without v2 penalty
ET-HED-0374,ETHUSDT,LONG_UP_CONTINUATION_RETEST,LONG,2025-11-20T07:00:00Z,77.0269,61.1,FAIL,ENTRY_AFTER_EXHAUSTION,SL_BEFORE_TP,-0.7791134530142549,OUT_OF_TIME_VALIDATION,LATE_ENTRY_AFTER_EXHAUSTION; TREND_TOO_OLD
ET-HED-0375,SOLUSDT,SHORT_DOWN_CONTINUATION_RETEST,SHORT,2025-08-10T15:00:00Z,77.0246,80.8,PASS,,SL_BEFORE_TP,-0.7977494215513459,TRAIN_DESIGN,causal geometry passed without v2 penalty
ET-HED-0376,SOLUSDT,LONG_UP_CONTINUATION_RETEST,LONG,2025-08-31T03:45:00Z,77.0006,65.9,FAIL,WEAK_CONFIRMATION_VOLUME,SL_BEFORE_TP,-0.6062073837916652,TRAIN_DESIGN,WEAK_CONFIRMATION_VOLUME
ET-HED-0377,SOLUSDT,LONG_UP_CONTINUATION_RETEST,LONG,2025-09-18T05:00:00Z,76.9815,73.25,FAIL,WEAK_CONFIRMATION_VOLUME,SL_BEFORE_TP,-0.5898972631664421,TRAIN_DESIGN,WEAK_CONFIRMATION_VOLUME
ET-HED-0378,ETHUSDT,LONG_UP_CONTINUATION_RETEST,LONG,2025-07-14T07:15:00Z,76.9715,42.15,FAIL,WEAK_CONFIRMATION_VOLUME|ENTRY_AFTER_EXHAUSTION|SCORE_V2_BELOW_PROVISIONAL_FLOOR,TP_BEFORE_SL,0.8791962106318789,TRAIN_DESIGN,LATE_ENTRY_AFTER_EXHAUSTION; TREND_TOO_OLD; WEAK_CONFIRMATION_VOLUME
ET-HED-0379,SOLUSDT,SHORT_DOWN_CONTINUATION_RETEST,SHORT,2025-11-28T20:00:00Z,76.951,26.65,FAIL,TOO_TIGHT_STOP|WEAK_CONFIRMATION_VOLUME|ENTRY_AFTER_EXHAUSTION|SCORE_V2_BELOW_PROVISIONAL_FLOOR,SL_BEFORE_TP,-0.6664080855086074,OUT_OF_TIME_VALIDATION,TOO_TIGHT_STOP; LATE_ENTRY_AFTER_EXHAUSTION; TREND_TOO_OLD
ET-HED-0380,SOLUSDT,RANGE_MEAN_REVERSION_CANDIDATE,SHORT,2025-07-05T07:15:00Z,76.9502,75.25,PASS,,TP_BEFORE_SL,0.3013740343057827,TRAIN_DESIGN,causal geometry passed without v2 penalty
ET-HED-0381,BTCUSDT,LONG_UP_CONTINUATION_RETEST,LONG,2025-07-19T05:30:00Z,76.934,28.4,FAIL,TOO_TIGHT_STOP|CHOPPY_SIDEWAYS_CONTEXT|ENTRY_AFTER_EXHAUSTION|SCORE_V2_BELOW_PROVISIONAL_FLOOR,SL_BEFORE_TP,-0.33631468493612765,TRAIN_DESIGN,TOO_TIGHT_STOP; LATE_ENTRY_AFTER_EXHAUSTION; TREND_TOO_OLD
ET-HED-0382,BTCUSDT,LONG_UP_CONTINUATION_RETEST,LONG,2025-08-20T23:45:00Z,76.9323,41.6,FAIL,TOO_TIGHT_STOP|WEAK_CONFIRMATION_VOLUME|CHOPPY_SIDEWAYS_CONTEXT|SCORE_V2_BELOW_PROVISIONAL_FLOOR,SL_BEFORE_TP,-0.38655361450603587,TRAIN_DESIGN,TOO_TIGHT_STOP; WEAK_CONFIRMATION_VOLUME; CHOPPY_SIDEWAYS_CONTEXT
ET-HED-0383,SOLUSDT,LONG_UP_CONTINUATION_RETEST,LONG,2025-08-08T01:45:00Z,76.8917,76.6,PASS,,TP_BEFORE_SL,0.6102326650198301,TRAIN_DESIGN,causal geometry passed without v2 penalty
ET-HED-0384,BTCUSDT,SHORT_DOWN_CONTINUATION_RETEST,SHORT,2025-07-22T05:45:00Z,76.8903,63.8,FAIL,WEAK_CONFIRMATION_VOLUME,SL_BEFORE_TP,-0.5040965076385171,TRAIN_DESIGN,WEAK_CONFIRMATION_VOLUME
ET-HED-0385,BTCUSDT,LONG_UP_CONTINUATION_RETEST,LONG,2025-07-29T09:30:00Z,76.8817,75.2,FAIL,WEAK_CONFIRMATION_VOLUME,SL_BEFORE_TP,-0.40676354878654575,TRAIN_DESIGN,WEAK_CONFIRMATION_VOLUME
ET-HED-0386,ETHUSDT,RANGE_MEAN_REVERSION_CANDIDATE,SHORT,2025-11-11T03:30:00Z,76.8789,77.95,PASS,,TP_BEFORE_SL,0.9503939360523128,OUT_OF_TIME_VALIDATION,causal geometry passed without v2 penalty
ET-HED-0387,ETHUSDT,SHORT_DOWN_CONTINUATION_RETEST,SHORT,2025-08-25T03:15:00Z,76.8731,46.1,FAIL,ENTRY_AFTER_EXHAUSTION|SCORE_V2_BELOW_PROVISIONAL_FLOOR,TP_BEFORE_SL,0.8771233337821349,TRAIN_DESIGN,LATE_ENTRY_AFTER_EXHAUSTION; TREND_TOO_OLD
ET-HED-0388,BTCUSDT,SHORT_DOWN_CONTINUATION_RETEST,SHORT,2025-08-17T02:15:00Z,76.8718,76.1,FAIL,WEAK_CONFIRMATION_VOLUME,SL_BEFORE_TP,-0.33124356920725884,TRAIN_DESIGN,WEAK_CONFIRMATION_VOLUME
ET-HED-0389,ETHUSDT,RANGE_MEAN_REVERSION_CANDIDATE,SHORT,2025-10-19T04:45:00Z,76.7798,56.0,FAIL,TOO_TIGHT_STOP,SL_BEFORE_TP,-0.4317504514808759,TRAIN_DESIGN,TOO_TIGHT_STOP
ET-HED-0390,BTCUSDT,SHORT_DOWN_CONTINUATION_RETEST,SHORT,2025-11-22T05:15:00Z,76.7318,40.7,FAIL,TOO_TIGHT_STOP|WEAK_CONFIRMATION_VOLUME|CHOPPY_SIDEWAYS_CONTEXT|SCORE_V2_BELOW_PROVISIONAL_FLOOR,SL_BEFORE_TP,-0.4982353937343737,OUT_OF_TIME_VALIDATION,TOO_TIGHT_STOP; WEAK_CONFIRMATION_VOLUME; CHOPPY_SIDEWAYS_CONTEXT
ET-HED-0391,SOLUSDT,LONG_UP_CONTINUATION_RETEST,LONG,2025-10-25T07:15:00Z,76.726,49.35,FAIL,TOO_TIGHT_STOP|WEAK_CONFIRMATION_VOLUME|SCORE_V2_BELOW_PROVISIONAL_FLOOR,AMBIGUOUS_INTRACANDLE,,TRAIN_DESIGN,TOO_TIGHT_STOP; WEAK_CONFIRMATION_VOLUME
ET-HED-0392,ETHUSDT,LONG_UP_CONTINUATION_RETEST,LONG,2025-09-12T15:45:00Z,76.6875,63.55,FAIL,CHOPPY_SIDEWAYS_CONTEXT,TP_BEFORE_SL,0.4181743314212606,TRAIN_DESIGN,WEAK_CONFIRMATION_VOLUME; CHOPPY_SIDEWAYS_CONTEXT
ET-HED-0393,BTCUSDT,RANGE_MEAN_REVERSION_CANDIDATE,SHORT,2025-11-16T06:45:00Z,76.6602,64.55,FAIL,WEAK_CONFIRMATION_VOLUME,SL_BEFORE_TP,-0.41520946102173595,OUT_OF_TIME_VALIDATION,WEAK_CONFIRMATION_VOLUME
ET-HED-0394,ETHUSDT,LONG_UP_CONTINUATION_RETEST,LONG,2025-07-09T15:00:00Z,76.6572,85.45,PASS,,TP_BEFORE_SL,0.9930493560363758,TRAIN_DESIGN,causal geometry passed without v2 penalty
ET-HED-0395,ETHUSDT,RANGE_MEAN_REVERSION_CANDIDATE,LONG,2025-10-30T05:15:00Z,76.6197,73.6,PASS,,TP_BEFORE_SL,1.3314379161739067,TRAIN_DESIGN,causal geometry passed without v2 penalty
ET-HED-0396,BTCUSDT,RANGE_MEAN_REVERSION_CANDIDATE,SHORT,2025-08-12T19:45:00Z,76.5959,65.9,FAIL,WEAK_CONFIRMATION_VOLUME,SL_BEFORE_TP,-0.5442703322296706,TRAIN_DESIGN,WEAK_CONFIRMATION_VOLUME
ET-HED-0397,ETHUSDT,LONG_UP_CONTINUATION_RETEST,LONG,2025-11-11T02:15:00Z,76.5633,80.35,PASS,,SL_BEFORE_TP,-1.1570919227157608,OUT_OF_TIME_VALIDATION,causal geometry passed without v2 penalty
ET-HED-0398,ETHUSDT,LONG_UP_CONTINUATION_RETEST,LONG,2025-12-02T07:45:00Z,76.5627,65.0,FAIL,TOO_TIGHT_STOP,SL_BEFORE_TP,-0.41716145601351395,OUT_OF_TIME_VALIDATION,TOO_TIGHT_STOP
ET-HED-0399,BTCUSDT,SHORT_DOWN_CONTINUATION_RETEST,SHORT,2025-09-13T15:30:00Z,76.5517,58.3,FAIL,WEAK_CONFIRMATION_VOLUME|CHOPPY_SIDEWAYS_CONTEXT,TP_BEFORE_SL,-0.04632541388197606,TRAIN_DESIGN,WEAK_CONFIRMATION_VOLUME; CHOPPY_SIDEWAYS_CONTEXT
ET-HED-0400,BTCUSDT,SHORT_DOWN_CONTINUATION_RETEST,SHORT,2025-12-06T10:00:00Z,76.5492,35.3,FAIL,TOO_TIGHT_STOP|WEAK_CONFIRMATION_VOLUME|CHOPPY_SIDEWAYS_CONTEXT|SCORE_V2_BELOW_PROVISIONAL_FLOOR,SL_BEFORE_TP,-0.3744970252122023,OUT_OF_TIME_VALIDATION,TOO_TIGHT_STOP; WEAK_CONFIRMATION_VOLUME; CHOPPY_SIDEWAYS_CONTEXT
ET-HED-0401,BTCUSDT,RANGE_MEAN_REVERSION_CANDIDATE,LONG,2025-12-04T14:30:00Z,76.5076,67.4,PASS,,SL_BEFORE_TP,-0.5396053399940124,OUT_OF_TIME_VALIDATION,WEAK_CONFIRMATION_VOLUME
ET-HED-0402,SOLUSDT,LONG_UP_CONTINUATION_RETEST,LONG,2025-10-31T06:00:00Z,76.4894,54.6,FAIL,TOO_TIGHT_STOP|WEAK_CONFIRMATION_VOLUME,SL_BEFORE_TP,-0.5339494265252371,TRAIN_DESIGN,TOO_TIGHT_STOP; WEAK_CONFIRMATION_VOLUME
ET-HED-0403,ETHUSDT,LONG_UP_CONTINUATION_RETEST,LONG,2025-10-21T19:00:00Z,76.4339,45.3,FAIL,WEAK_CONFIRMATION_VOLUME|ENTRY_AFTER_EXHAUSTION|SCORE_V2_BELOW_PROVISIONAL_FLOOR,SL_BEFORE_TP,-1.5708166669157946,TRAIN_DESIGN,LATE_ENTRY_AFTER_EXHAUSTION; TREND_TOO_OLD; WEAK_CONFIRMATION_VOLUME
ET-HED-0404,SOLUSDT,SHORT_DOWN_CONTINUATION_RETEST,SHORT,2025-10-09T10:30:00Z,76.3932,68.15,FAIL,WEAK_CONFIRMATION_VOLUME,SL_BEFORE_TP,-0.8243799394569108,TRAIN_DESIGN,WEAK_CONFIRMATION_VOLUME
ET-HED-0405,BTCUSDT,RANGE_MEAN_REVERSION_CANDIDATE,LONG,2025-08-31T11:30:00Z,76.3731,69.4,PASS,,SL_BEFORE_TP,-0.4532779467460536,TRAIN_DESIGN,causal geometry passed without v2 penalty
ET-HED-0406,ETHUSDT,LONG_UP_CONTINUATION_RETEST,LONG,2025-10-19T13:00:00Z,76.3399,77.45,FAIL,WEAK_CONFIRMATION_VOLUME,TP_BEFORE_SL,0.4790687027959827,TRAIN_DESIGN,WEAK_CONFIRMATION_VOLUME
ET-HED-0407,ETHUSDT,LONG_UP_CONTINUATION_RETEST,LONG,2025-08-03T20:45:00Z,76.2532,67.25,FAIL,WEAK_CONFIRMATION_VOLUME,TP_BEFORE_SL,0.32706664606687397,TRAIN_DESIGN,WEAK_CONFIRMATION_VOLUME
ET-HED-0408,ETHUSDT,LONG_UP_CONTINUATION_RETEST,LONG,2025-11-18T17:45:00Z,76.2452,68.9,FAIL,WEAK_CONFIRMATION_VOLUME,TP_BEFORE_SL,0.7842988032313281,OUT_OF_TIME_VALIDATION,WEAK_CONFIRMATION_VOLUME
ET-HED-0409,SOLUSDT,RANGE_MEAN_REVERSION_CANDIDATE,SHORT,2025-08-07T07:00:00Z,76.2297,70.6,PASS,,SL_BEFORE_TP,-0.6220375118203392,TRAIN_DESIGN,causal geometry passed without v2 penalty
ET-HED-0410,BTCUSDT,SHORT_DOWN_CONTINUATION_RETEST,SHORT,2025-08-18T08:45:00Z,76.2284,46.65,FAIL,WEAK_CONFIRMATION_VOLUME|ENTRY_AFTER_EXHAUSTION|SCORE_V2_BELOW_PROVISIONAL_FLOOR,TP_BEFORE_SL,0.10402862920577965,TRAIN_DESIGN,LATE_ENTRY_AFTER_EXHAUSTION; TREND_TOO_OLD; WEAK_CONFIRMATION_VOLUME
ET-HED-0411,SOLUSDT,LONG_UP_CONTINUATION_RETEST,LONG,2025-12-07T06:15:00Z,76.216,42.3,FAIL,WEAK_CONFIRMATION_VOLUME|ENTRY_AFTER_EXHAUSTION|SCORE_V2_BELOW_PROVISIONAL_FLOOR,SL_BEFORE_TP,-0.5201231764175018,OUT_OF_TIME_VALIDATION,LATE_ENTRY_AFTER_EXHAUSTION; TREND_TOO_OLD; WEAK_CONFIRMATION_VOLUME
ET-HED-0412,SOLUSDT,SHORT_DOWN_CONTINUATION_RETEST,SHORT,2025-12-16T04:15:00Z,76.2091,79.1,PASS,,TP_BEFORE_SL,0.7505697757350028,OUT_OF_TIME_VALIDATION,WEAK_CONFIRMATION_VOLUME
ET-HED-0413,ETHUSDT,SHORT_DOWN_CONTINUATION_RETEST,SHORT,2025-11-08T18:30:00Z,76.1712,66.95,FAIL,WEAK_CONFIRMATION_VOLUME,SL_BEFORE_TP,-0.6135949479423215,OUT_OF_TIME_VALIDATION,WEAK_CONFIRMATION_VOLUME
ET-HED-0414,BTCUSDT,SHORT_DOWN_CONTINUATION_RETEST,SHORT,2025-08-30T08:45:00Z,76.1148,75.05,FAIL,WEAK_CONFIRMATION_VOLUME,SL_BEFORE_TP,-0.4244311281090126,TRAIN_DESIGN,WEAK_CONFIRMATION_VOLUME
ET-HED-0415,ETHUSDT,SHORT_DOWN_CONTINUATION_RETEST,SHORT,2025-08-29T04:00:00Z,76.0543,37.2,FAIL,WEAK_CONFIRMATION_VOLUME|ENTRY_AFTER_EXHAUSTION|SCORE_V2_BELOW_PROVISIONAL_FLOOR,TP_BEFORE_SL,0.6355498635781591,TRAIN_DESIGN,LATE_ENTRY_AFTER_EXHAUSTION; TREND_TOO_OLD; WEAK_CONFIRMATION_VOLUME
ET-HED-0416,ETHUSDT,SHORT_DOWN_CONTINUATION_RETEST,SHORT,2025-10-20T02:00:00Z,76.0268,67.7,FAIL,WEAK_CONFIRMATION_VOLUME,SL_BEFORE_TP,-0.7205753738373494,TRAIN_DESIGN,WEAK_CONFIRMATION_VOLUME
ET-HED-0417,ETHUSDT,SHORT_DOWN_CONTINUATION_RETEST,SHORT,2025-10-22T17:00:00Z,76.0147,47.55,FAIL,WEAK_CONFIRMATION_VOLUME|ENTRY_AFTER_EXHAUSTION|SCORE_V2_BELOW_PROVISIONAL_FLOOR,TP_BEFORE_SL,1.2179341805148214,TRAIN_DESIGN,LATE_ENTRY_AFTER_EXHAUSTION; TREND_TOO_OLD; WEAK_CONFIRMATION_VOLUME
ET-HED-0418,SOLUSDT,LONG_UP_CONTINUATION_RETEST,LONG,2025-08-29T05:45:00Z,75.9713,47.7,FAIL,TOO_TIGHT_STOP|WEAK_CONFIRMATION_VOLUME|SCORE_V2_BELOW_PROVISIONAL_FLOOR,SL_BEFORE_TP,-0.7645259568545679,TRAIN_DESIGN,TOO_TIGHT_STOP; WEAK_CONFIRMATION_VOLUME
ET-HED-0419,SOLUSDT,LONG_UP_CONTINUATION_RETEST,LONG,2025-07-09T02:00:00Z,75.9582,60.1,FAIL,WEAK_CONFIRMATION_VOLUME|CHOPPY_SIDEWAYS_CONTEXT,SL_BEFORE_TP,-0.5245029642833556,TRAIN_DESIGN,WEAK_CONFIRMATION_VOLUME; CHOPPY_SIDEWAYS_CONTEXT
ET-HED-0420,SOLUSDT,LONG_UP_CONTINUATION_RETEST,LONG,2025-07-18T03:00:00Z,75.9491,30.4,FAIL,TOO_TIGHT_STOP|WEAK_CONFIRMATION_VOLUME|ENTRY_AFTER_EXHAUSTION|SCORE_V2_BELOW_PROVISIONAL_FLOOR,TP_BEFORE_SL,0.5949568605622042,TRAIN_DESIGN,TOO_TIGHT_STOP; LATE_ENTRY_AFTER_EXHAUSTION; TREND_TOO_OLD
ET-HED-0421,ETHUSDT,LONG_UP_CONTINUATION_RETEST,LONG,2025-07-10T19:00:00Z,75.8718,76.7,FAIL,WEAK_CONFIRMATION_VOLUME,TP_BEFORE_SL,0.8021890950739734,TRAIN_DESIGN,WEAK_CONFIRMATION_VOLUME
ET-HED-0422,BTCUSDT,SHORT_DOWN_CONTINUATION_RETEST,SHORT,2025-08-16T05:15:00Z,75.8608,56.65,FAIL,WEAK_CONFIRMATION_VOLUME|CHOPPY_SIDEWAYS_CONTEXT,TP_BEFORE_SL,0.048661965490350345,TRAIN_DESIGN,WEAK_CONFIRMATION_VOLUME; CHOPPY_SIDEWAYS_CONTEXT
ET-HED-0423,SOLUSDT,SHORT_DOWN_CONTINUATION_RETEST,SHORT,2025-10-27T15:45:00Z,75.8085,63.65,FAIL,TOO_TIGHT_STOP,SL_BEFORE_TP,-0.5015861982810323,TRAIN_DESIGN,TOO_TIGHT_STOP
ET-HED-0424,SOLUSDT,SHORT_DOWN_CONTINUATION_RETEST,SHORT,2025-08-29T22:45:00Z,75.7439,67.85,FAIL,WEAK_CONFIRMATION_VOLUME,SL_BEFORE_TP,-0.9206959181661364,TRAIN_DESIGN,WEAK_CONFIRMATION_VOLUME
ET-HED-0425,SOLUSDT,SHORT_DOWN_CONTINUATION_RETEST,SHORT,2025-10-14T11:45:00Z,75.5944,68.6,FAIL,WEAK_CONFIRMATION_VOLUME,SL_BEFORE_TP,-1.3762610268497673,TRAIN_DESIGN,WEAK_CONFIRMATION_VOLUME
ET-HED-0426,ETHUSDT,LONG_UP_CONTINUATION_RETEST,LONG,2025-08-14T06:30:00Z,75.3789,52.25,FAIL,ENTRY_AFTER_EXHAUSTION,TP_BEFORE_SL,0.7505920132332083,TRAIN_DESIGN,LATE_ENTRY_AFTER_EXHAUSTION; TREND_TOO_OLD
ET-HED-0427,BTCUSDT,SHORT_DOWN_CONTINUATION_RETEST,SHORT,2025-09-27T18:45:00Z,75.3204,50.35,FAIL,TOO_TIGHT_STOP|CHOPPY_SIDEWAYS_CONTEXT|SCORE_V2_BELOW_PROVISIONAL_FLOOR,SL_BEFORE_TP,-0.29017223751704246,TRAIN_DESIGN,TOO_TIGHT_STOP; CHOPPY_SIDEWAYS_CONTEXT
ET-HED-0428,ETHUSDT,LONG_UP_CONTINUATION_RETEST,LONG,2025-08-04T11:45:00Z,75.2896,65.9,FAIL,WEAK_CONFIRMATION_VOLUME,TP_BEFORE_SL,0.21697134233223342,TRAIN_DESIGN,WEAK_CONFIRMATION_VOLUME
ET-HED-0429,BTCUSDT,LONG_UP_CONTINUATION_RETEST,LONG,2025-07-24T04:15:00Z,75.2701,70.5,FAIL,CHOPPY_SIDEWAYS_CONTEXT,SL_BEFORE_TP,-0.6032514024878745,TRAIN_DESIGN,CHOPPY_SIDEWAYS_CONTEXT
ET-HED-0430,SOLUSDT,SHORT_DOWN_CONTINUATION_RETEST,SHORT,2025-12-11T09:15:00Z,75.1932,56.25,FAIL,TOO_TIGHT_STOP|WEAK_CONFIRMATION_VOLUME,SL_BEFORE_TP,-0.5434708622928324,OUT_OF_TIME_VALIDATION,TOO_TIGHT_STOP; WEAK_CONFIRMATION_VOLUME
ET-HED-0431,BTCUSDT,LONG_UP_CONTINUATION_RETEST,LONG,2025-09-18T20:00:00Z,75.1812,70.4,FAIL,WEAK_CONFIRMATION_VOLUME,SL_BEFORE_TP,-0.4829826112103254,TRAIN_DESIGN,WEAK_CONFIRMATION_VOLUME
ET-HED-0432,BTCUSDT,SHORT_DOWN_CONTINUATION_RETEST,SHORT,2025-12-13T18:45:00Z,75.0387,53.4,FAIL,TOO_TIGHT_STOP|WEAK_CONFIRMATION_VOLUME,SL_BEFORE_TP,-0.3077619206609799,OUT_OF_TIME_VALIDATION,TOO_TIGHT_STOP; WEAK_CONFIRMATION_VOLUME
ET-HED-0433,BTCUSDT,SHORT_DOWN_CONTINUATION_RETEST,SHORT,2025-08-24T18:30:00Z,75.0009,71.7,FAIL,CHOPPY_SIDEWAYS_CONTEXT,SL_BEFORE_TP,-0.4039207926174986,TRAIN_DESIGN,CHOPPY_SIDEWAYS_CONTEXT
ET-HED-0434,SOLUSDT,LONG_UP_CONTINUATION_RETEST,LONG,2025-08-28T21:45:00Z,74.8538,41.9,FAIL,TOO_TIGHT_STOP|WEAK_CONFIRMATION_VOLUME|CHOPPY_SIDEWAYS_CONTEXT|SCORE_V2_BELOW_PROVISIONAL_FLOOR,TP_BEFORE_SL,0.39975914949665303,TRAIN_DESIGN,TOO_TIGHT_STOP; WEAK_CONFIRMATION_VOLUME; CHOPPY_SIDEWAYS_CONTEXT
ET-HED-0435,BTCUSDT,LONG_UP_CONTINUATION_RETEST,LONG,2025-11-21T23:15:00Z,74.742,50.35,FAIL,TOO_TIGHT_STOP|CHOPPY_SIDEWAYS_CONTEXT|SCORE_V2_BELOW_PROVISIONAL_FLOOR,TP_BEFORE_SL,0.909324835605194,OUT_OF_TIME_VALIDATION,TOO_TIGHT_STOP; CHOPPY_SIDEWAYS_CONTEXT
ET-HED-0436,SOLUSDT,LONG_UP_CONTINUATION_RETEST,LONG,2025-08-20T10:45:00Z,74.6761,23.05,FAIL,TOO_TIGHT_STOP|WEAK_CONFIRMATION_VOLUME|ENTRY_AFTER_EXHAUSTION|SCORE_V2_BELOW_PROVISIONAL_FLOOR,SL_BEFORE_TP,-0.4457059037941071,TRAIN_DESIGN,TOO_TIGHT_STOP; LATE_ENTRY_AFTER_EXHAUSTION; TREND_TOO_OLD
ET-HED-0437,SOLUSDT,SHORT_DOWN_CONTINUATION_RETEST,SHORT,2025-08-05T17:45:00Z,74.6424,50.85,FAIL,TOO_TIGHT_STOP|WEAK_CONFIRMATION_VOLUME|SCORE_V2_BELOW_PROVISIONAL_FLOOR,SL_BEFORE_TP,-0.7003785061532939,TRAIN_DESIGN,TOO_TIGHT_STOP; WEAK_CONFIRMATION_VOLUME
ET-HED-0438,SOLUSDT,LONG_UP_CONTINUATION_RETEST,LONG,2025-09-12T19:30:00Z,74.4609,58.5,FAIL,TOO_TIGHT_STOP|WEAK_CONFIRMATION_VOLUME,SL_BEFORE_TP,-0.5645588727469463,TRAIN_DESIGN,TOO_TIGHT_STOP; WEAK_CONFIRMATION_VOLUME
ET-HED-0439,SOLUSDT,LONG_UP_CONTINUATION_RETEST,LONG,2025-07-13T12:00:00Z,74.4164,57.25,FAIL,CHOPPY_SIDEWAYS_CONTEXT,TP_BEFORE_SL,0.1672565716401312,TRAIN_DESIGN,WEAK_CONFIRMATION_VOLUME; CHOPPY_SIDEWAYS_CONTEXT
ET-HED-0440,SOLUSDT,LONG_UP_CONTINUATION_RETEST,LONG,2025-08-22T07:00:00Z,74.3657,65.3,FAIL,WEAK_CONFIRMATION_VOLUME,TP_BEFORE_SL,0.40502022521045533,TRAIN_DESIGN,WEAK_CONFIRMATION_VOLUME
ET-HED-0441,SOLUSDT,LONG_UP_CONTINUATION_RETEST,LONG,2025-07-20T18:30:00Z,74.1674,43.95,FAIL,TOO_TIGHT_STOP|WEAK_CONFIRMATION_VOLUME|SCORE_V2_BELOW_PROVISIONAL_FLOOR,TP_BEFORE_SL,1.0926697633266957,TRAIN_DESIGN,TOO_TIGHT_STOP; WEAK_CONFIRMATION_VOLUME
ET-HED-0442,ETHUSDT,LONG_UP_CONTINUATION_RETEST,LONG,2025-09-03T19:00:00Z,74.1614,73.25,FAIL,WEAK_CONFIRMATION_VOLUME,SL_BEFORE_TP,-0.5520433316402187,TRAIN_DESIGN,WEAK_CONFIRMATION_VOLUME
ET-HED-0443,BTCUSDT,SHORT_DOWN_CONTINUATION_RETEST,SHORT,2025-09-23T22:30:00Z,73.742,45.15,FAIL,WEAK_CONFIRMATION_VOLUME|ENTRY_AFTER_EXHAUSTION|SCORE_V2_BELOW_PROVISIONAL_FLOOR,SL_BEFORE_TP,-0.4569073635097676,TRAIN_DESIGN,LATE_ENTRY_AFTER_EXHAUSTION; TREND_TOO_OLD; WEAK_CONFIRMATION_VOLUME
ET-HED-0444,BTCUSDT,SHORT_DOWN_CONTINUATION_RETEST,SHORT,2025-08-26T15:15:00Z,73.5824,79.0,PASS,,SL_BEFORE_TP,-0.5788857755160715,TRAIN_DESIGN,causal geometry passed without v2 penalty
ET-HED-0445,BTCUSDT,SHORT_DOWN_CONTINUATION_RETEST,SHORT,2025-09-13T07:45:00Z,72.9732,29.65,FAIL,TOO_TIGHT_STOP|WEAK_CONFIRMATION_VOLUME|ENTRY_AFTER_EXHAUSTION|SCORE_V2_BELOW_PROVISIONAL_FLOOR,SL_BEFORE_TP,-0.2972768309598358,TRAIN_DESIGN,TOO_TIGHT_STOP; LATE_ENTRY_AFTER_EXHAUSTION; TREND_TOO_OLD
ET-HED-0446,ETHUSDT,SHORT_DOWN_CONTINUATION_RETEST,SHORT,2025-09-16T01:45:00Z,72.5417,55.3,FAIL,WEAK_CONFIRMATION_VOLUME|CHOPPY_SIDEWAYS_CONTEXT,TP_BEFORE_SL,0.30421287911583794,TRAIN_DESIGN,WEAK_CONFIRMATION_VOLUME; CHOPPY_SIDEWAYS_CONTEXT
ET-HED-0447,SOLUSDT,SHORT_DOWN_CONTINUATION_RETEST,SHORT,2025-09-05T23:30:00Z,71.8969,72.95,FAIL,WEAK_CONFIRMATION_VOLUME,SL_BEFORE_TP,-0.5947135991368759,TRAIN_DESIGN,WEAK_CONFIRMATION_VOLUME
ET-HED-0448,SOLUSDT,LONG_UP_CONTINUATION_RETEST,LONG,2025-11-13T08:15:00Z,71.6552,67.25,FAIL,WEAK_CONFIRMATION_VOLUME,SL_BEFORE_TP,-0.8641397803186042,OUT_OF_TIME_VALIDATION,WEAK_CONFIRMATION_VOLUME
ET-HED-0449,ETHUSDT,LONG_UP_CONTINUATION_RETEST,LONG,2025-11-30T21:00:00Z,71.3237,67.4,FAIL,WEAK_CONFIRMATION_VOLUME,SL_BEFORE_TP,-0.4652831842162559,OUT_OF_TIME_VALIDATION,WEAK_CONFIRMATION_VOLUME
