ambiguous,clean_trades,disposition,expectancy_pct,expired,losses,profit_factor,split,total_net_return_pct_naive,trade_candidates,universe,variant,winrate_pct,wins
0,4,AUDIT_ONLY,-0.14963846981681977,0,1,0.5145101243787036,TRAIN_DESIGN,-0.5985538792672791,4,327,break_confirmation_low__atr_0_15__fixed_1_5r,75.0,3
0,1,AUDIT_ONLY,1.575186706499826,0,0,,OUT_OF_TIME_VALIDATION,1.575186706499826,1,122,break_confirmation_low__atr_0_15__fixed_1_5r,100.0,1
0,5,AUDIT_ONLY,0.19532656544650936,0,1,1.792151494200038,FULL_DIAGNOSTIC,0.9766328272325469,5,449,break_confirmation_low__atr_0_15__fixed_1_5r,80.0,4
0,2,REJECT_IN_SAMPLE_ONLY_UPLIFT,0.36620380321241686,0,0,,TRAIN_DESIGN,0.7324076064248337,2,327,break_confirmation_low__atr_0_15__fixed_2r,100.0,2
0,2,REJECT_IN_SAMPLE_ONLY_UPLIFT,0.8093761779789395,0,1,3.882924662763875,OUT_OF_TIME_VALIDATION,1.618752355957879,2,122,break_confirmation_low__atr_0_15__fixed_2r,50.0,1
0,4,REJECT_IN_SAMPLE_ONLY_UPLIFT,0.5877899905956782,0,1,5.187309452683497,FULL_DIAGNOSTIC,2.3511599623827126,4,449,break_confirmation_low__atr_0_15__fixed_2r,75.0,3
0,3,AUDIT_ONLY,0.22654688080993335,0,1,2.4057476248721654,TRAIN_DESIGN,0.6796406424298,3,327,break_confirmation_low__atr_0_15__nearest_support,66.66666666666667,2
0,2,AUDIT_ONLY,1.9170291379139641,0,1,7.828284216036,OUT_OF_TIME_VALIDATION,3.8340582758279282,2,122,break_confirmation_low__atr_0_15__nearest_support,50.0,1
0,5,AUDIT_ONLY,0.9027397836515456,0,2,5.319455937414223,FULL_DIAGNOSTIC,4.513698918257728,5,449,break_confirmation_low__atr_0_15__nearest_support,60.0,3
0,21,AUDIT_ONLY,-0.3251459025462016,1,15,0.3623838915805527,TRAIN_DESIGN,-6.828063953470234,22,327,break_confirmation_low__atr_0_15__previous_low,28.571428571428573,6
0,8,AUDIT_ONLY,0.449938579285041,0,4,2.104412840584868,OUT_OF_TIME_VALIDATION,3.599508634280328,8,122,break_confirmation_low__atr_0_15__previous_low,50.0,4
0,29,AUDIT_ONLY,-0.1113294937651692,1,19,0.768859658301105,FULL_DIAGNOSTIC,-3.2285553191899066,30,449,break_confirmation_low__atr_0_15__previous_low,34.48275862068966,10
0,4,REJECT_IN_SAMPLE_ONLY_UPLIFT,0.3332549764346642,0,0,,TRAIN_DESIGN,1.3330199057386567,4,327,break_confirmation_low__atr_0_25__fixed_1_5r,100.0,4
0,2,REJECT_IN_SAMPLE_ONLY_UPLIFT,0.58639743264785,0,1,2.9871244974141242,OUT_OF_TIME_VALIDATION,1.1727948652957,2,122,break_confirmation_low__atr_0_25__fixed_1_5r,50.0,1
0,6,REJECT_IN_SAMPLE_ONLY_UPLIFT,0.41763579517239285,0,1,5.245726226170912,FULL_DIAGNOSTIC,2.5058147710343572,6,449,break_confirmation_low__atr_0_25__fixed_1_5r,83.33333333333333,5
0,2,AUDIT_ONLY,0.4333815423302317,0,0,,TRAIN_DESIGN,0.8667630846604634,2,327,break_confirmation_low__atr_0_25__fixed_2r,100.0,2
0,1,AUDIT_ONLY,2.4306557857011724,0,0,,OUT_OF_TIME_VALIDATION,2.4306557857011724,1,122,break_confirmation_low__atr_0_25__fixed_2r,100.0,1
0,3,AUDIT_ONLY,1.0991396234538786,0,0,,FULL_DIAGNOSTIC,3.2974188703616356,3,449,break_confirmation_low__atr_0_25__fixed_2r,100.0,3
0,4,REJECT_IN_SAMPLE_ONLY_UPLIFT,0.3025556611384762,0,1,3.3701011276095163,TRAIN_DESIGN,1.2102226445539048,4,327,break_confirmation_low__atr_0_25__nearest_support,75.0,3
0,2,REJECT_IN_SAMPLE_ONLY_UPLIFT,1.902678943944819,0,1,7.447606571458694,OUT_OF_TIME_VALIDATION,3.805357887889638,2,122,break_confirmation_low__atr_0_25__nearest_support,50.0,1
0,6,REJECT_IN_SAMPLE_ONLY_UPLIFT,0.8359300887405904,0,2,5.556231927893459,FULL_DIAGNOSTIC,5.0155805324435425,6,449,break_confirmation_low__atr_0_25__nearest_support,66.66666666666667,4
0,23,AUDIT_ONLY,-0.20949290366502646,1,15,0.528721986573895,TRAIN_DESIGN,-4.818336784295608,24,327,break_confirmation_low__atr_0_25__previous_low,34.78260869565217,8
0,7,AUDIT_ONLY,0.6063491410983683,0,3,2.6235673482869997,OUT_OF_TIME_VALIDATION,4.2444439876885784,7,122,break_confirmation_low__atr_0_25__previous_low,57.142857142857146,4
0,30,AUDIT_ONLY,-0.01912975988690107,1,18,0.9552982065577118,FULL_DIAGNOSTIC,-0.5738927966070321,31,449,break_confirmation_low__atr_0_25__previous_low,40.0,12
0,3,AUDIT_ONLY,-0.29091617996542873,0,2,0.1969395359045375,TRAIN_DESIGN,-0.8727485398962862,3,327,break_confirmation_low__structural_high_only__fixed_1_5r,33.333333333333336,1
0,1,AUDIT_ONLY,1.2934790073357294,0,0,,OUT_OF_TIME_VALIDATION,1.2934790073357294,1,122,break_confirmation_low__structural_high_only__fixed_1_5r,100.0,1
0,4,AUDIT_ONLY,0.1051826168598608,0,2,1.3871355711247269,FULL_DIAGNOSTIC,0.4207304674394432,4,449,break_confirmation_low__structural_high_only__fixed_1_5r,50.0,2
0,2,AUDIT_ONLY,-0.06306670758657273,0,1,0.7433736975551566,TRAIN_DESIGN,-0.12613341517314547,2,327,break_confirmation_low__structural_high_only__fixed_2r,50.0,1
0,2,AUDIT_ONLY,0.6430963361565888,0,1,3.4808613858649724,OUT_OF_TIME_VALIDATION,1.2861926723131776,2,122,break_confirmation_low__structural_high_only__fixed_2r,50.0,1
0,4,AUDIT_ONLY,0.290014814285008,0,2,2.1486278938074754,FULL_DIAGNOSTIC,1.160059257140032,4,449,break_confirmation_low__structural_high_only__fixed_2r,50.0,2
0,5,AUDIT_ONLY,-0.37101319378264225,0,4,0.3293884488668065,TRAIN_DESIGN,-1.8550659689132112,5,327,break_confirmation_low__structural_high_only__nearest_support,20.0,1
0,2,AUDIT_ONLY,1.9385544288676777,0,1,8.47832720633682,OUT_OF_TIME_VALIDATION,3.8771088577353554,2,122,break_confirmation_low__structural_high_only__nearest_support,50.0,1
0,7,AUDIT_ONLY,0.28886326983173494,0,5,1.6155988362451361,FULL_DIAGNOSTIC,2.0220428888221447,7,449,break_confirmation_low__structural_high_only__nearest_support,28.571428571428573,2
0,20,AUDIT_ONLY,-0.35531087137959283,1,16,0.322555346606071,TRAIN_DESIGN,-7.106217427591856,21,327,break_confirmation_low__structural_high_only__previous_low,20.0,4
0,10,AUDIT_ONLY,0.3825199698225895,0,5,2.0981950061361925,OUT_OF_TIME_VALIDATION,3.8251996982258953,10,122,break_confirmation_low__structural_high_only__previous_low,50.0,5
0,30,AUDIT_ONLY,-0.109367257645532,1,21,0.7651872038578863,FULL_DIAGNOSTIC,-3.28101772936596,31,449,break_confirmation_low__structural_high_only__previous_low,30.0,9
0,6,AUDIT_ONLY,-0.24443385014933025,0,3,0.3299283369999183,TRAIN_DESIGN,-1.4666031008959814,6,327,confirmation_close__atr_0_15__fixed_1_5r,50.0,3
0,1,AUDIT_ONLY,1.5041343570272026,0,0,,OUT_OF_TIME_VALIDATION,1.5041343570272026,1,122,confirmation_close__atr_0_15__fixed_1_5r,100.0,1
0,7,AUDIT_ONLY,0.0053616080187458715,0,3,1.0171475371864176,FULL_DIAGNOSTIC,0.0375312561312211,7,449,confirmation_close__atr_0_15__fixed_1_5r,57.142857142857146,4
0,2,REJECT_IN_SAMPLE_ONLY_UPLIFT,0.4321303974533901,0,0,,TRAIN_DESIGN,0.8642607949067802,2,327,confirmation_close__atr_0_15__fixed_2r,100.0,2
0,2,REJECT_IN_SAMPLE_ONLY_UPLIFT,0.7850532053750586,0,1,4.0463483387189045,OUT_OF_TIME_VALIDATION,1.5701064107501173,2,122,confirmation_close__atr_0_15__fixed_2r,50.0,1
0,4,REJECT_IN_SAMPLE_ONLY_UPLIFT,0.6085918014142244,0,1,5.72320247978716,FULL_DIAGNOSTIC,2.4343672056568977,4,449,confirmation_close__atr_0_15__fixed_2r,75.0,3
0,7,AUDIT_ONLY,-0.17769213112819093,0,4,0.5628898993394803,TRAIN_DESIGN,-1.2438449178973365,7,327,confirmation_close__atr_0_15__nearest_support,42.857142857142854,3
0,2,AUDIT_ONLY,1.9623905711010683,0,1,8.614930064944243,OUT_OF_TIME_VALIDATION,3.9247811422021366,2,122,confirmation_close__atr_0_15__nearest_support,50.0,1
0,9,AUDIT_ONLY,0.29788180270053327,0,5,1.797656450098676,FULL_DIAGNOSTIC,2.6809362243047996,9,449,confirmation_close__atr_0_15__nearest_support,44.44444444444444,4
0,30,AUDIT_ONLY,-0.2711057490667581,1,22,0.45381579638593644,TRAIN_DESIGN,-8.133172472002743,31,327,confirmation_close__atr_0_15__previous_low,26.666666666666668,8
0,13,AUDIT_ONLY,0.17268660336788116,0,7,1.3941785917615714,OUT_OF_TIME_VALIDATION,2.2449258437824553,13,122,confirmation_close__atr_0_15__previous_low,46.15384615384615,6
0,43,AUDIT_ONLY,-0.1369359680981462,1,29,0.7139697335608671,FULL_DIAGNOSTIC,-5.888246628220287,44,449,confirmation_close__atr_0_15__previous_low,32.55813953488372,14
0,7,AUDIT_ONLY,-0.11398291632143606,0,3,0.5523136449267176,TRAIN_DESIGN,-0.7978804142500524,7,327,confirmation_close__atr_0_25__fixed_1_5r,57.142857142857146,4
0,2,AUDIT_ONLY,0.5738791630136459,0,1,3.1094881974733304,OUT_OF_TIME_VALIDATION,1.1477583260272919,2,122,confirmation_close__atr_0_25__fixed_1_5r,50.0,1
0,9,AUDIT_ONLY,0.038875323530804376,0,4,1.1503994716368868,FULL_DIAGNOSTIC,0.34987791177723937,9,449,confirmation_close__atr_0_25__fixed_1_5r,55.55555555555556,5
0,2,REJECT_IN_SAMPLE_ONLY_UPLIFT,0.34673465967182515,0,0,,TRAIN_DESIGN,0.6934693193436503,2,327,confirmation_close__atr_0_25__fixed_2r,100.0,2
0,2,REJECT_IN_SAMPLE_ONLY_UPLIFT,0.8958544285945231,0,1,4.293017878276624,OUT_OF_TIME_VALIDATION,1.7917088571890463,2,122,confirmation_close__atr_0_25__fixed_2r,50.0,1
0,4,REJECT_IN_SAMPLE_ONLY_UPLIFT,0.6212945441331742,0,1,5.567559139526869,FULL_DIAGNOSTIC,2.485178176532697,4,449,confirmation_close__atr_0_25__fixed_2r,75.0,3
0,5,AUDIT_ONLY,-0.018439147966966017,0,2,0.9455738685819413,TRAIN_DESIGN,-0.09219573983483009,5,327,confirmation_close__atr_0_25__nearest_support,60.0,3
0,2,AUDIT_ONLY,1.9480469700151584,0,1,8.160709703748113,OUT_OF_TIME_VALIDATION,3.8960939400303167,2,122,confirmation_close__atr_0_25__nearest_support,50.0,1
0,7,AUDIT_ONLY,0.5434140285993553,0,3,2.6996452613652235,FULL_DIAGNOSTIC,3.803898200195487,7,449,confirmation_close__atr_0_25__nearest_support,57.142857142857146,4
0,35,AUDIT_ONLY,-0.2729541142818962,1,26,0.4597162115860855,TRAIN_DESIGN,-9.553393999866367,36,327,confirmation_close__atr_0_25__previous_low,25.714285714285715,9
0,13,AUDIT_ONLY,0.14388844678315957,0,8,1.3358732548306609,OUT_OF_TIME_VALIDATION,1.8705498081810745,13,122,confirmation_close__atr_0_25__previous_low,38.46153846153846,5
0,48,AUDIT_ONLY,-0.1600592539934436,1,34,0.6695748588009638,FULL_DIAGNOSTIC,-7.682844191685293,49,449,confirmation_close__atr_0_25__previous_low,29.166666666666668,14
0,3,AUDIT_ONLY,-0.5751988331057948,0,3,0.0,TRAIN_DESIGN,-1.7255964993173845,3,327,confirmation_close__structural_high_only__fixed_1_5r,0.0,0
0,1,AUDIT_ONLY,1.2225585023400938,0,0,,OUT_OF_TIME_VALIDATION,1.2225585023400938,1,122,confirmation_close__structural_high_only__fixed_1_5r,100.0,1
0,4,AUDIT_ONLY,-0.12575949924432267,0,3,0.7084845749418919,FULL_DIAGNOSTIC,-0.5030379969772907,4,449,confirmation_close__structural_high_only__fixed_1_5r,25.0,1
0,3,AUDIT_ONLY,-0.6913497432280405,0,3,0.0,TRAIN_DESIGN,-2.0740492296841215,3,327,confirmation_close__structural_high_only__fixed_2r,0.0,0
0,2,AUDIT_ONLY,0.6188513705458469,0,1,3.620168413936121,OUT_OF_TIME_VALIDATION,1.2377027410916939,2,122,confirmation_close__structural_high_only__fixed_2r,50.0,1
0,5,AUDIT_ONLY,-0.16726929771848553,0,4,0.6715604600433458,FULL_DIAGNOSTIC,-0.8363464885924277,5,449,confirmation_close__structural_high_only__fixed_2r,20.0,1
0,5,AUDIT_ONLY,-0.6529435054193135,0,5,0.0,TRAIN_DESIGN,-3.2647175270965674,5,327,confirmation_close__structural_high_only__nearest_support,0.0,0
0,2,AUDIT_ONLY,1.9839059727299289,0,1,9.399703084411405,OUT_OF_TIME_VALIDATION,3.9678119454598577,2,122,confirmation_close__structural_high_only__nearest_support,50.0,1
0,7,AUDIT_ONLY,0.10044205976618437,0,6,1.1881394062275648,FULL_DIAGNOSTIC,0.7030944183632906,7,449,confirmation_close__structural_high_only__nearest_support,14.285714285714286,1
0,20,AUDIT_ONLY,-0.492884137240942,1,18,0.1684413142520034,TRAIN_DESIGN,-9.85768274481884,21,327,confirmation_close__structural_high_only__previous_low,10.0,2
0,10,AUDIT_ONLY,0.3244520135591196,0,5,1.773380739365063,OUT_OF_TIME_VALIDATION,3.244520135591196,10,122,confirmation_close__structural_high_only__previous_low,50.0,5
0,30,AUDIT_ONLY,-0.22043875364092147,1,23,0.5879574319552313,FULL_DIAGNOSTIC,-6.613162609227644,31,449,confirmation_close__structural_high_only__previous_low,23.333333333333332,7
0,3,AUDIT_ONLY,0.050657326554058635,0,1,1.1622158636034945,TRAIN_DESIGN,0.1519719796621759,3,327,limit_rejection_body__atr_0_15__fixed_1_5r,66.66666666666667,2
0,1,AUDIT_ONLY,-0.47565409667704905,0,1,0.0,OUT_OF_TIME_VALIDATION,-0.47565409667704905,1,122,limit_rejection_body__atr_0_15__fixed_1_5r,0.0,0
0,4,AUDIT_ONLY,-0.08092052925371826,0,2,0.7708452313960675,FULL_DIAGNOSTIC,-0.32368211701487304,4,449,limit_rejection_body__atr_0_15__fixed_1_5r,50.0,2
0,3,AUDIT_ONLY,-0.40501771875567444,0,2,0.16565274469965283,TRAIN_DESIGN,-1.2150531562670233,3,327,limit_rejection_body__atr_0_15__fixed_2r,33.333333333333336,1
0,1,AUDIT_ONLY,-0.47565409667704905,0,1,0.0,OUT_OF_TIME_VALIDATION,-0.47565409667704905,1,122,limit_rejection_body__atr_0_15__fixed_2r,0.0,0
0,4,AUDIT_ONLY,-0.4226768132360181,0,3,0.12486826808603063,FULL_DIAGNOSTIC,-1.6907072529440723,4,449,limit_rejection_body__atr_0_15__fixed_2r,25.0,1
0,3,AUDIT_ONLY,-0.38290616153980356,0,2,0.2112031397049823,TRAIN_DESIGN,-1.1487184846194107,3,327,limit_rejection_body__atr_0_15__nearest_support,33.333333333333336,1
0,1,AUDIT_ONLY,-0.47565409667704905,0,1,0.0,OUT_OF_TIME_VALIDATION,-0.47565409667704905,1,122,limit_rejection_body__atr_0_15__nearest_support,0.0,0
0,4,AUDIT_ONLY,-0.40609314532411495,0,3,0.15920394387131687,FULL_DIAGNOSTIC,-1.6243725812964598,4,449,limit_rejection_body__atr_0_15__nearest_support,25.0,1
0,12,AUDIT_ONLY,-0.2793204370581302,1,9,0.4403136755537348,TRAIN_DESIGN,-3.3518452446975626,13,327,limit_rejection_body__atr_0_15__previous_low,25.0,3
0,4,AUDIT_ONLY,0.10526879840240544,0,2,1.2315111016504472,OUT_OF_TIME_VALIDATION,0.42107519360962176,4,122,limit_rejection_body__atr_0_15__previous_low,50.0,2
0,16,AUDIT_ONLY,-0.18317312819299636,1,11,0.6246262186764898,FULL_DIAGNOSTIC,-2.9307700510879418,17,449,limit_rejection_body__atr_0_15__previous_low,31.25,5
0,3,REJECT_IN_SAMPLE_ONLY_UPLIFT,0.42988917193479886,0,0,,TRAIN_DESIGN,1.2896675158043966,3,327,limit_rejection_body__atr_0_25__fixed_1_5r,100.0,3
0,2,REJECT_IN_SAMPLE_ONLY_UPLIFT,0.37040053237054715,0,1,2.3785183919203283,OUT_OF_TIME_VALIDATION,0.7408010647410943,2,122,limit_rejection_body__atr_0_25__fixed_1_5r,50.0,1
0,5,REJECT_IN_SAMPLE_ONLY_UPLIFT,0.40609371610909817,0,1,4.778393978789123,FULL_DIAGNOSTIC,2.0304685805454907,5,449,limit_rejection_body__atr_0_25__fixed_1_5r,80.0,4
0,4,AUDIT_ONLY,-0.22381827102205534,0,2,0.42532108162247173,TRAIN_DESIGN,-0.8952730840882214,4,327,limit_rejection_body__atr_0_25__fixed_2r,50.0,2
0,2,AUDIT_ONLY,0.6399619616323602,0,1,3.537870263411819,OUT_OF_TIME_VALIDATION,1.2799239232647204,2,122,limit_rejection_body__atr_0_25__fixed_2r,50.0,1
0,6,AUDIT_ONLY,0.06410847319608319,0,3,1.1865248229390872,FULL_DIAGNOSTIC,0.3846508391764991,6,449,limit_rejection_body__atr_0_25__fixed_2r,50.0,3
0,4,AUDIT_ONLY,-0.05963120285171719,0,2,0.846890090787097,TRAIN_DESIGN,-0.23852481140686876,4,327,limit_rejection_body__atr_0_25__nearest_support,50.0,2
0,2,AUDIT_ONLY,2.097691123904852,0,1,9.318725556128188,OUT_OF_TIME_VALIDATION,4.195382247809704,2,122,limit_rejection_body__atr_0_25__nearest_support,50.0,1
0,6,AUDIT_ONLY,0.6594762394004726,0,3,2.9187586703316413,FULL_DIAGNOSTIC,3.9568574364028355,6,449,limit_rejection_body__atr_0_25__nearest_support,50.0,3
0,15,AUDIT_ONLY,-0.10928757764300179,1,10,0.7629044923561581,TRAIN_DESIGN,-1.6393136646450268,16,327,limit_rejection_body__atr_0_25__previous_low,33.333333333333336,5
0,11,AUDIT_ONLY,0.31246406186834097,0,6,1.7970223840297688,OUT_OF_TIME_VALIDATION,3.4371046805517507,11,122,limit_rejection_body__atr_0_25__previous_low,45.45454545454545,5
0,26,AUDIT_ONLY,0.06914580830410476,1,16,1.160137004160306,FULL_DIAGNOSTIC,1.7977910159067236,27,449,limit_rejection_body__atr_0_25__previous_low,38.46153846153846,10
0,4,AUDIT_ONLY,-0.1955011887461628,0,2,0.5431263393917911,TRAIN_DESIGN,-0.7820047549846512,4,327,limit_rejection_body__structural_high_only__fixed_1_5r,50.0,2
0,0,AUDIT_ONLY,,0,0,,OUT_OF_TIME_VALIDATION,0,0,122,limit_rejection_body__structural_high_only__fixed_1_5r,,0
0,4,AUDIT_ONLY,-0.1955011887461628,0,2,0.5431263393917911,FULL_DIAGNOSTIC,-0.7820047549846512,4,449,limit_rejection_body__structural_high_only__fixed_1_5r,50.0,2
0,2,AUDIT_ONLY,-0.6519649460594944,0,2,0.0,TRAIN_DESIGN,-1.3039298921189888,2,327,limit_rejection_body__structural_high_only__fixed_2r,0.0,0
0,0,AUDIT_ONLY,,0,0,,OUT_OF_TIME_VALIDATION,0,0,122,limit_rejection_body__structural_high_only__fixed_2r,,0
0,2,AUDIT_ONLY,-0.6519649460594944,0,2,0.0,FULL_DIAGNOSTIC,-1.3039298921189888,2,449,limit_rejection_body__structural_high_only__fixed_2r,0.0,0
0,3,AUDIT_ONLY,-0.12406884032415699,0,2,0.7145502045607636,TRAIN_DESIGN,-0.372206520972471,3,327,limit_rejection_body__structural_high_only__nearest_support,33.333333333333336,1
0,0,AUDIT_ONLY,,0,0,,OUT_OF_TIME_VALIDATION,0,0,122,limit_rejection_body__structural_high_only__nearest_support,,0
0,3,AUDIT_ONLY,-0.12406884032415699,0,2,0.7145502045607636,FULL_DIAGNOSTIC,-0.372206520972471,3,449,limit_rejection_body__structural_high_only__nearest_support,33.333333333333336,1
0,4,AUDIT_ONLY,-0.06072869239481235,0,3,0.8888856844576394,TRAIN_DESIGN,-0.2429147695792494,4,327,limit_rejection_body__structural_high_only__previous_low,25.0,1
0,3,AUDIT_ONLY,0.3467720936927383,0,1,1.867240261560241,OUT_OF_TIME_VALIDATION,1.040316281078215,3,122,limit_rejection_body__structural_high_only__previous_low,66.66666666666667,2
0,7,AUDIT_ONLY,0.11391450164270936,0,4,1.2355175829406617,FULL_DIAGNOSTIC,0.7974015114989655,7,449,limit_rejection_body__structural_high_only__previous_low,42.857142857142854,3
