file,line,symbol,literal,semantic_name,classification,yaml_file,yaml_path,schema_field,consumer,action
app/db/repositories/candle_repository.py,13,UPSERT_BATCH_SIZE,500,UPSERT_BATCH_SIZE,UNKNOWN_REQUIRES_TRACE,,,,app/db/repositories/candle_repository.py:13:assignment,trace behavior authority; no direct YAML reference on this expression
app/db/repositories/feature_repository.py,15,UPSERT_BATCH_SIZE,500,UPSERT_BATCH_SIZE,UNKNOWN_REQUIRES_TRACE,,,,app/db/repositories/feature_repository.py:15:assignment,trace behavior authority; no direct YAML reference on this expression
app/db/repositories/label_repository.py,15,UPSERT_BATCH_SIZE,500,UPSERT_BATCH_SIZE,UNKNOWN_REQUIRES_TRACE,,,,app/db/repositories/label_repository.py:15:assignment,trace behavior authority; no direct YAML reference on this expression
app/db/repositories/prediction_repository.py,22,limit,100,limit,UNKNOWN_REQUIRES_TRACE,,,,app/db/repositories/prediction_repository.py:22:function_default,trace behavior authority; no direct YAML reference on this expression
app/desktop_automation/win32_fallback.py,454,timeout_seconds,2.0,timeout_seconds,UNKNOWN_REQUIRES_TRACE,,,,app/desktop_automation/win32_fallback.py:454:function_default,trace behavior authority; no direct YAML reference on this expression
app/engine_analysis/altunina_trend_context.py,20,ALTUNINA_CORRECTION_LIMIT,0.62,ALTUNINA_CORRECTION_LIMIT,UNKNOWN_REQUIRES_TRACE,,,,app/engine_analysis/altunina_trend_context.py:20:assignment,trace behavior authority; no direct YAML reference on this expression
app/engine_analysis/altunina_trend_context.py,256,lookback,1,lookback,UNKNOWN_REQUIRES_TRACE,,,,app/engine_analysis/altunina_trend_context.py:256:function_default,trace behavior authority; no direct YAML reference on this expression
app/engine_analysis/analysis_contract.py,11,MIN_FULL_ANALYSIS_CANDLES,64,MIN_FULL_ANALYSIS_CANDLES,UNKNOWN_REQUIRES_TRACE,,,,app/engine_analysis/analysis_contract.py:11:assignment,trace behavior authority; no direct YAML reference on this expression
app/engine_analysis/analysis_contract.py,29,atr_lookback_candles,14,atr_lookback_candles,UNKNOWN_REQUIRES_TRACE,,,,app/engine_analysis/analysis_contract.py:29:assignment,trace behavior authority; no direct YAML reference on this expression
app/engine_analysis/analysis_contract.py,31,impulse_absolute_threshold_pct,3.0,impulse_absolute_threshold_pct,UNKNOWN_REQUIRES_TRACE,,,,app/engine_analysis/analysis_contract.py:31:assignment,trace behavior authority; no direct YAML reference on this expression
app/engine_analysis/analysis_contract.py,32,impulse_atr_multiplier,2.5,impulse_atr_multiplier,UNKNOWN_REQUIRES_TRACE,,,,app/engine_analysis/analysis_contract.py:32:assignment,trace behavior authority; no direct YAML reference on this expression
app/engine_analysis/analysis_snapshot_store.py,34,limit,100,limit,UNKNOWN_REQUIRES_TRACE,,,,app/engine_analysis/analysis_snapshot_store.py:34:function_default,trace behavior authority; no direct YAML reference on this expression
app/engine_analysis/candle_morphology.py,12,DOJI_BODY_TO_RANGE_MAX,0.1,DOJI_BODY_TO_RANGE_MAX,UNKNOWN_REQUIRES_TRACE,,,,app/engine_analysis/candle_morphology.py:12:assignment,trace behavior authority; no direct YAML reference on this expression
app/engine_analysis/candle_morphology.py,13,SPINNING_TOP_BODY_TO_RANGE_MAX,0.25,SPINNING_TOP_BODY_TO_RANGE_MAX,UNKNOWN_REQUIRES_TRACE,,,,app/engine_analysis/candle_morphology.py:13:assignment,trace behavior authority; no direct YAML reference on this expression
app/engine_analysis/candle_morphology.py,14,SMALL_BODY_TO_RANGE_MAX,0.3,SMALL_BODY_TO_RANGE_MAX,UNKNOWN_REQUIRES_TRACE,,,,app/engine_analysis/candle_morphology.py:14:assignment,trace behavior authority; no direct YAML reference on this expression
app/engine_analysis/candle_morphology.py,15,LARGE_BODY_TO_RANGE_MIN,0.6,LARGE_BODY_TO_RANGE_MIN,UNKNOWN_REQUIRES_TRACE,,,,app/engine_analysis/candle_morphology.py:15:assignment,trace behavior authority; no direct YAML reference on this expression
app/engine_analysis/candle_morphology.py,16,STRONG_BODY_TO_RANGE_MIN,0.7,STRONG_BODY_TO_RANGE_MIN,UNKNOWN_REQUIRES_TRACE,,,,app/engine_analysis/candle_morphology.py:16:assignment,trace behavior authority; no direct YAML reference on this expression
app/engine_analysis/candle_morphology.py,17,EXTENDED_SHADOW_TO_RANGE_MIN,0.55,EXTENDED_SHADOW_TO_RANGE_MIN,UNKNOWN_REQUIRES_TRACE,,,,app/engine_analysis/candle_morphology.py:17:assignment,trace behavior authority; no direct YAML reference on this expression
app/engine_analysis/candle_morphology.py,18,NEAR_HIGH_THRESHOLD,0.75,NEAR_HIGH_THRESHOLD,UNKNOWN_REQUIRES_TRACE,,,,app/engine_analysis/candle_morphology.py:18:assignment,trace behavior authority; no direct YAML reference on this expression
app/engine_analysis/candle_morphology.py,19,NEAR_LOW_THRESHOLD,0.25,NEAR_LOW_THRESHOLD,UNKNOWN_REQUIRES_TRACE,,,,app/engine_analysis/candle_morphology.py:19:assignment,trace behavior authority; no direct YAML reference on this expression
app/engine_analysis/db_cli_preview.py,34,MAX_CANDLES_HARD_CAP,500,MAX_CANDLES_HARD_CAP,UNKNOWN_REQUIRES_TRACE,,,,app/engine_analysis/db_cli_preview.py:34:assignment,trace behavior authority; no direct YAML reference on this expression
app/engine_analysis/impulse_phase_diagnostics.py,24,MIN_BARS,20,MIN_BARS,UNKNOWN_REQUIRES_TRACE,,,,app/engine_analysis/impulse_phase_diagnostics.py:24:assignment,trace behavior authority; no direct YAML reference on this expression
app/engine_analysis/impulse_phase_diagnostics.py,113,lookback_bars,96,lookback_bars,UNKNOWN_REQUIRES_TRACE,,,,app/engine_analysis/impulse_phase_diagnostics.py:113:assignment,trace behavior authority; no direct YAML reference on this expression
app/engine_analysis/impulse_phase_diagnostics.py,114,impulse_absolute_threshold_pct,3.0,impulse_absolute_threshold_pct,UNKNOWN_REQUIRES_TRACE,,,,app/engine_analysis/impulse_phase_diagnostics.py:114:assignment,trace behavior authority; no direct YAML reference on this expression
app/engine_analysis/impulse_phase_diagnostics.py,115,impulse_atr_multiplier,2.5,impulse_atr_multiplier,UNKNOWN_REQUIRES_TRACE,,,,app/engine_analysis/impulse_phase_diagnostics.py:115:assignment,trace behavior authority; no direct YAML reference on this expression
app/engine_analysis/nison_candlestick_context.py,25,SHADOW_TO_BODY_SHAPE_MIN,2.0,SHADOW_TO_BODY_SHAPE_MIN,UNKNOWN_REQUIRES_TRACE,,,,app/engine_analysis/nison_candlestick_context.py:25:assignment,trace behavior authority; no direct YAML reference on this expression
app/engine_analysis/nison_candlestick_context.py,26,OPPOSITE_SHADOW_TO_RANGE_MAX,0.1,OPPOSITE_SHADOW_TO_RANGE_MAX,UNKNOWN_REQUIRES_TRACE,,,,app/engine_analysis/nison_candlestick_context.py:26:assignment,trace behavior authority; no direct YAML reference on this expression
app/engine_analysis/nison_candlestick_context.py,27,HAMMER_BODY_POSITION_MIN,0.6,HAMMER_BODY_POSITION_MIN,UNKNOWN_REQUIRES_TRACE,,,,app/engine_analysis/nison_candlestick_context.py:27:assignment,trace behavior authority; no direct YAML reference on this expression
app/engine_analysis/nison_candlestick_context.py,28,STAR_BODY_POSITION_MAX,0.4,STAR_BODY_POSITION_MAX,UNKNOWN_REQUIRES_TRACE,,,,app/engine_analysis/nison_candlestick_context.py:28:assignment,trace behavior authority; no direct YAML reference on this expression
app/engine_analysis/ohlc_integrity.py,27,missing_candle_count,0,missing_candle_count,UNKNOWN_REQUIRES_TRACE,,,,app/engine_analysis/ohlc_integrity.py:27:assignment,trace behavior authority; no direct YAML reference on this expression
app/engine_analysis/online_config.py,15,max_snapshot_age_ms,300000,max_snapshot_age_ms,UNKNOWN_REQUIRES_TRACE,,,,app/engine_analysis/online_config.py:15:assignment,trace behavior authority; no direct YAML reference on this expression
app/engine_analysis/online_config.py,16,run_on_closed_candle_only,True,run_on_closed_candle_only,UNKNOWN_REQUIRES_TRACE,,,,app/engine_analysis/online_config.py:16:assignment,trace behavior authority; no direct YAML reference on this expression
app/engine_analysis/online_config.py,21,atr_lookback_candles,14,atr_lookback_candles,UNKNOWN_REQUIRES_TRACE,,,,app/engine_analysis/online_config.py:21:assignment,trace behavior authority; no direct YAML reference on this expression
app/engine_analysis/online_config.py,22,impulse_lookback_candles,96,impulse_lookback_candles,UNKNOWN_REQUIRES_TRACE,,,,app/engine_analysis/online_config.py:22:assignment,trace behavior authority; no direct YAML reference on this expression
app/engine_analysis/online_config.py,23,impulse_absolute_threshold_pct,3.0,impulse_absolute_threshold_pct,UNKNOWN_REQUIRES_TRACE,,,,app/engine_analysis/online_config.py:23:assignment,trace behavior authority; no direct YAML reference on this expression
app/engine_analysis/online_config.py,24,impulse_atr_multiplier,2.5,impulse_atr_multiplier,UNKNOWN_REQUIRES_TRACE,,,,app/engine_analysis/online_config.py:24:assignment,trace behavior authority; no direct YAML reference on this expression
app/engine_analysis/online_config.py,25,structure_lookback_candles,96,structure_lookback_candles,UNKNOWN_REQUIRES_TRACE,,,,app/engine_analysis/online_config.py:25:assignment,trace behavior authority; no direct YAML reference on this expression
app/engine_analysis/online_config.py,27,confirmation_window_candles,3,confirmation_window_candles,UNKNOWN_REQUIRES_TRACE,,,,app/engine_analysis/online_config.py:27:assignment,trace behavior authority; no direct YAML reference on this expression
app/engine_analysis/online_config.py,30,regime_lookback_candles,96,regime_lookback_candles,UNKNOWN_REQUIRES_TRACE,,,,app/engine_analysis/online_config.py:30:assignment,trace behavior authority; no direct YAML reference on this expression
app/engine_analysis/profitability_labels.py,31,fee_bps_per_side,10.0,fee_bps_per_side,UNKNOWN_REQUIRES_TRACE,,,,app/engine_analysis/profitability_labels.py:31:assignment,trace behavior authority; no direct YAML reference on this expression
app/engine_analysis/profitability_labels.py,32,slippage_bps_per_side,2.0,slippage_bps_per_side,UNKNOWN_REQUIRES_TRACE,,,,app/engine_analysis/profitability_labels.py:32:assignment,trace behavior authority; no direct YAML reference on this expression
app/engine_analysis/regime_composer.py,39,MIN_REGIME_SCORE,0.3,MIN_REGIME_SCORE,UNKNOWN_REQUIRES_TRACE,,,,app/engine_analysis/regime_composer.py:39:assignment,trace behavior authority; no direct YAML reference on this expression
app/engine_analysis/regime_composer.py,40,MIN_SCORE_MARGIN,0.08,MIN_SCORE_MARGIN,UNKNOWN_REQUIRES_TRACE,,,,app/engine_analysis/regime_composer.py:40:assignment,trace behavior authority; no direct YAML reference on this expression
app/engine_analysis/schwager_range_context.py,22,MIN_ZONE_TOUCHES,2,MIN_ZONE_TOUCHES,UNKNOWN_REQUIRES_TRACE,,,,app/engine_analysis/schwager_range_context.py:22:assignment,trace behavior authority; no direct YAML reference on this expression
app/engine_analysis/schwager_range_context.py,23,MIN_RANGE_TOUCHES,4,MIN_RANGE_TOUCHES,UNKNOWN_REQUIRES_TRACE,,,,app/engine_analysis/schwager_range_context.py:23:assignment,trace behavior authority; no direct YAML reference on this expression
app/engine_analysis/schwager_range_context.py,24,MIN_INSIDE_CLOSE_RATIO,0.6,MIN_INSIDE_CLOSE_RATIO,UNKNOWN_REQUIRES_TRACE,,,,app/engine_analysis/schwager_range_context.py:24:assignment,trace behavior authority; no direct YAML reference on this expression
app/engine_analysis/schwager_range_context.py,25,MIN_RANGE_WIDTH_RATIO,0.003,MIN_RANGE_WIDTH_RATIO,UNKNOWN_REQUIRES_TRACE,,,,app/engine_analysis/schwager_range_context.py:25:assignment,trace behavior authority; no direct YAML reference on this expression
app/engine_analysis/schwager_range_context.py,26,MAX_RANGE_WIDTH_RATIO,0.2,MAX_RANGE_WIDTH_RATIO,UNKNOWN_REQUIRES_TRACE,,,,app/engine_analysis/schwager_range_context.py:26:assignment,trace behavior authority; no direct YAML reference on this expression
app/engine_analysis/schwager_range_context.py,31,MIN_RANGE_DURATION,4,MIN_RANGE_DURATION,UNKNOWN_REQUIRES_TRACE,,,,app/engine_analysis/schwager_range_context.py:31:assignment,trace behavior authority; no direct YAML reference on this expression
app/engine_analysis/schwager_range_context.py,32,MIN_BOUNDARY_ALTERNATIONS,2,MIN_BOUNDARY_ALTERNATIONS,UNKNOWN_REQUIRES_TRACE,,,,app/engine_analysis/schwager_range_context.py:32:assignment,trace behavior authority; no direct YAML reference on this expression
app/engine_analysis/schwager_range_context.py,33,MIN_CONFIRMATION_CLOSES,3,MIN_CONFIRMATION_CLOSES,UNKNOWN_REQUIRES_TRACE,,,,app/engine_analysis/schwager_range_context.py:33:assignment,trace behavior authority; no direct YAML reference on this expression
app/engine_analysis/schwager_range_context.py,180,return_depth_ratio,0.0,return_depth_ratio,UNKNOWN_REQUIRES_TRACE,,,,app/engine_analysis/schwager_range_context.py:180:assignment,trace behavior authority; no direct YAML reference on this expression
app/engine_analysis/schwager_range_context.py,181,reversal_candle_count,0,reversal_candle_count,UNKNOWN_REQUIRES_TRACE,,,,app/engine_analysis/schwager_range_context.py:181:assignment,trace behavior authority; no direct YAML reference on this expression
app/engine_analysis/schwager_range_context.py,483,return_depth,0.0,return_depth,UNKNOWN_REQUIRES_TRACE,,,,app/engine_analysis/schwager_range_context.py:483:assignment,trace behavior authority; no direct YAML reference on this expression
app/engine_market_data/binance_public_rest.py,52,MAX_LIMIT,1000,MAX_LIMIT,UNKNOWN_REQUIRES_TRACE,,,,app/engine_market_data/binance_public_rest.py:52:assignment,trace behavior authority; no direct YAML reference on this expression
app/engine_market_data/continuous_sync_config.py,23,warmup,True,warmup,UNKNOWN_REQUIRES_TRACE,,,,app/engine_market_data/continuous_sync_config.py:23:assignment,trace behavior authority; no direct YAML reference on this expression
app/engine_market_data/continuous_sync_config.py,30,poll_interval_seconds,1.0,poll_interval_seconds,UNKNOWN_REQUIRES_TRACE,,,,app/engine_market_data/continuous_sync_config.py:30:assignment,trace behavior authority; no direct YAML reference on this expression
app/engine_market_data/continuous_sync_config.py,31,health_report_interval_seconds,60.0,health_report_interval_seconds,UNKNOWN_REQUIRES_TRACE,,,,app/engine_market_data/continuous_sync_config.py:31:assignment,trace behavior authority; no direct YAML reference on this expression
app/engine_market_data/continuous_sync_config.py,32,max_rest_batch_size,1000,max_rest_batch_size,UNKNOWN_REQUIRES_TRACE,,,,app/engine_market_data/continuous_sync_config.py:32:assignment,trace behavior authority; no direct YAML reference on this expression
app/engine_market_data/continuous_sync_config.py,33,backoff_initial_seconds,2.0,backoff_initial_seconds,UNKNOWN_REQUIRES_TRACE,,,,app/engine_market_data/continuous_sync_config.py:33:assignment,trace behavior authority; no direct YAML reference on this expression
app/engine_market_data/continuous_sync_config.py,34,backoff_max_seconds,60.0,backoff_max_seconds,UNKNOWN_REQUIRES_TRACE,,,,app/engine_market_data/continuous_sync_config.py:34:assignment,trace behavior authority; no direct YAML reference on this expression
app/engine_market_data/continuous_sync_config.py,35,prompt_retry_initial_seconds,5.0,prompt_retry_initial_seconds,UNKNOWN_REQUIRES_TRACE,,,,app/engine_market_data/continuous_sync_config.py:35:assignment,trace behavior authority; no direct YAML reference on this expression
app/engine_market_data/continuous_sync_config.py,36,prompt_retry_max_seconds,40.0,prompt_retry_max_seconds,UNKNOWN_REQUIRES_TRACE,,,,app/engine_market_data/continuous_sync_config.py:36:assignment,trace behavior authority; no direct YAML reference on this expression
app/engine_market_data/continuous_sync_config.py,37,prompt_retry_horizon_seconds,170.0,prompt_retry_horizon_seconds,UNKNOWN_REQUIRES_TRACE,,,,app/engine_market_data/continuous_sync_config.py:37:assignment,trace behavior authority; no direct YAML reference on this expression
app/engine_market_data/continuous_sync_config.py,38,prompt_retry_max_attempts,4,prompt_retry_max_attempts,UNKNOWN_REQUIRES_TRACE,,,,app/engine_market_data/continuous_sync_config.py:38:assignment,trace behavior authority; no direct YAML reference on this expression
app/engine_market_data/continuous_sync_daemon.py,49,MAX_OPERATIONAL_ERROR_LENGTH,4000,MAX_OPERATIONAL_ERROR_LENGTH,UNKNOWN_REQUIRES_TRACE,,,,app/engine_market_data/continuous_sync_daemon.py:49:assignment,trace behavior authority; no direct YAML reference on this expression
app/engine_market_data/continuous_sync_state.py,73,freshness_lag_ms,0,freshness_lag_ms,UNKNOWN_REQUIRES_TRACE,,,,app/engine_market_data/continuous_sync_state.py:73:assignment,trace behavior authority; no direct YAML reference on this expression
app/engine_market_data/continuous_sync_state.py,74,freshness_lag_candles,0,freshness_lag_candles,UNKNOWN_REQUIRES_TRACE,,,,app/engine_market_data/continuous_sync_state.py:74:assignment,trace behavior authority; no direct YAML reference on this expression
app/engine_market_data/db/candle_repository.py,22,MAX_UPSERT_BATCH_SIZE,1000,MAX_UPSERT_BATCH_SIZE,UNKNOWN_REQUIRES_TRACE,,,,app/engine_market_data/db/candle_repository.py:22:assignment,trace behavior authority; no direct YAML reference on this expression
app/engine_market_data/db/candle_repository.py,23,MAX_LOOKUP_BATCH_SIZE,10000,MAX_LOOKUP_BATCH_SIZE,UNKNOWN_REQUIRES_TRACE,,,,app/engine_market_data/db/candle_repository.py:23:assignment,trace behavior authority; no direct YAML reference on this expression
app/engine_market_data/db_sync_config.py,20,max_rest_limit,1000,max_rest_limit,UNKNOWN_REQUIRES_TRACE,,,,app/engine_market_data/db_sync_config.py:20:assignment,trace behavior authority; no direct YAML reference on this expression
app/engine_market_data/failed_boundary_retry.py,64,max_delay_seconds,40.0,max_delay_seconds,UNKNOWN_REQUIRES_TRACE,,,,app/engine_market_data/failed_boundary_retry.py:64:assignment,trace behavior authority; no direct YAML reference on this expression
app/engine_market_data/failed_boundary_retry.py,65,horizon_seconds,170.0,horizon_seconds,UNKNOWN_REQUIRES_TRACE,,,,app/engine_market_data/failed_boundary_retry.py:65:assignment,trace behavior authority; no direct YAML reference on this expression
app/engine_market_data/failed_boundary_retry.py,66,max_attempts,4,max_attempts,UNKNOWN_REQUIRES_TRACE,,,,app/engine_market_data/failed_boundary_retry.py:66:assignment,trace behavior authority; no direct YAML reference on this expression
app/engine_market_data/freshness_monitor.py,110,within_grace_count,0,within_grace_count,UNKNOWN_REQUIRES_TRACE,,,,app/engine_market_data/freshness_monitor.py:110:assignment,trace behavior authority; no direct YAML reference on this expression
app/engine_market_data/gap_recovery.py,14,limit,1000,limit,UNKNOWN_REQUIRES_TRACE,,,,app/engine_market_data/gap_recovery.py:14:function_default,trace behavior authority; no direct YAML reference on this expression
app/engine_market_data/historical_backfill_config.py,24,batch_limit,1000,batch_limit,UNKNOWN_REQUIRES_TRACE,,,,app/engine_market_data/historical_backfill_config.py:24:assignment,trace behavior authority; no direct YAML reference on this expression
app/engine_market_data/historical_backfill_config.py,25,max_rest_limit,1000,max_rest_limit,UNKNOWN_REQUIRES_TRACE,,,,app/engine_market_data/historical_backfill_config.py:25:assignment,trace behavior authority; no direct YAML reference on this expression
app/engine_market_data/historical_backfill_config.py,26,rest_retry_attempts,3,rest_retry_attempts,UNKNOWN_REQUIRES_TRACE,,,,app/engine_market_data/historical_backfill_config.py:26:assignment,trace behavior authority; no direct YAML reference on this expression
app/engine_market_data/historical_backfill_config.py,27,rest_backoff_seconds,0.25,rest_backoff_seconds,UNKNOWN_REQUIRES_TRACE,,,,app/engine_market_data/historical_backfill_config.py:27:assignment,trace behavior authority; no direct YAML reference on this expression
app/engine_market_data/operational/prod_smoke.py,281,limit,16000,limit,UNKNOWN_REQUIRES_TRACE,,,,app/engine_market_data/operational/prod_smoke.py:281:function_default,trace behavior authority; no direct YAML reference on this expression
app/engine_observation/observation_config.py,27,freshness_warning_ratio,0.01,freshness_warning_ratio,UNKNOWN_REQUIRES_TRACE,,,,app/engine_observation/observation_config.py:27:assignment,trace behavior authority; no direct YAML reference on this expression
app/engine_observation/observation_config.py,28,freshness_fail_ratio,0.05,freshness_fail_ratio,UNKNOWN_REQUIRES_TRACE,,,,app/engine_observation/observation_config.py:28:assignment,trace behavior authority; no direct YAML reference on this expression
app/engine_observation/observation_config.py,32,reclaim_interval_seconds,300,reclaim_interval_seconds,UNKNOWN_REQUIRES_TRACE,,,,app/engine_observation/observation_config.py:32:assignment,trace behavior authority; no direct YAML reference on this expression
app/engine_observation/observation_config.py,33,error_message_max_length,4000,error_message_max_length,UNKNOWN_REQUIRES_TRACE,,,,app/engine_observation/observation_config.py:33:assignment,trace behavior authority; no direct YAML reference on this expression
app/engine_observation/observation_config.py,43,minimum_window_hours,24.0,minimum_window_hours,UNKNOWN_REQUIRES_TRACE,,,,app/engine_observation/observation_config.py:43:assignment,trace behavior authority; no direct YAML reference on this expression
app/engine_observation/observer_reliability.py,121,sampling_interval_seconds,60.0,sampling_interval_seconds,UNKNOWN_REQUIRES_TRACE,,,,app/engine_observation/observer_reliability.py:121:assignment,trace behavior authority; no direct YAML reference on this expression
app/engine_observation/observer_reliability.py,122,heartbeat_interval_seconds,10.0,heartbeat_interval_seconds,UNKNOWN_REQUIRES_TRACE,,,,app/engine_observation/observer_reliability.py:122:assignment,trace behavior authority; no direct YAML reference on this expression
app/engine_observation/observer_reliability.py,126,command_timeout_seconds,15.0,command_timeout_seconds,UNKNOWN_REQUIRES_TRACE,,,,app/engine_observation/observer_reliability.py:126:assignment,trace behavior authority; no direct YAML reference on this expression
app/engine_observation/observer_reliability.py,127,db_timeout_seconds,10.0,db_timeout_seconds,UNKNOWN_REQUIRES_TRACE,,,,app/engine_observation/observer_reliability.py:127:assignment,trace behavior authority; no direct YAML reference on this expression
app/engine_observation/observer_reliability.py,568,max_sampling_gap_seconds,0.0,max_sampling_gap_seconds,UNKNOWN_REQUIRES_TRACE,,,,app/engine_observation/observer_reliability.py:568:assignment,trace behavior authority; no direct YAML reference on this expression
app/engine_observation/reason_code_analyzer.py,28,limit,10,limit,UNKNOWN_REQUIRES_TRACE,,,,app/engine_observation/reason_code_analyzer.py:28:function_default,trace behavior authority; no direct YAML reference on this expression
app/engine_observation/semantic/models.py,31,freshness_attempt_count,0,freshness_attempt_count,UNKNOWN_REQUIRES_TRACE,,,,app/engine_observation/semantic/models.py:31:assignment,trace behavior authority; no direct YAML reference on this expression
app/engine_observation/semantic/repository.py,15,MAX_TIMEFRAME_MS,86400000,MAX_TIMEFRAME_MS,UNKNOWN_REQUIRES_TRACE,,,,app/engine_observation/semantic/repository.py:15:assignment,trace behavior authority; no direct YAML reference on this expression
app/engine_observation/strategy_cap_calibration.py,108,interval_ms,300000,interval_ms,UNKNOWN_REQUIRES_TRACE,,,,app/engine_observation/strategy_cap_calibration.py:108:function_default,trace behavior authority; no direct YAML reference on this expression
app/engine_observation/strategy_forensic.py,19,STRATEGY_THRESHOLD,65.0,STRATEGY_THRESHOLD,UNKNOWN_REQUIRES_TRACE,,,,app/engine_observation/strategy_forensic.py:19:assignment,trace behavior authority; no direct YAML reference on this expression
app/engine_observation/strategy_forensic.py,257,risk_pass,False,risk_pass,UNKNOWN_REQUIRES_TRACE,,,,app/engine_observation/strategy_forensic.py:257:assignment,trace behavior authority; no direct YAML reference on this expression
app/engine_orchestrator/orchestrator_state.py,23,freshness_retry_attempts_total,0,freshness_retry_attempts_total,UNKNOWN_REQUIRES_TRACE,,,,app/engine_orchestrator/orchestrator_state.py:23:assignment,trace behavior authority; no direct YAML reference on this expression
app/engine_orchestrator/orchestrator_state.py,24,freshness_recovered_total,0,freshness_recovered_total,UNKNOWN_REQUIRES_TRACE,,,,app/engine_orchestrator/orchestrator_state.py:24:assignment,trace behavior authority; no direct YAML reference on this expression
app/engine_orchestrator/orchestrator_state.py,25,freshness_timeouts_total,0,freshness_timeouts_total,UNKNOWN_REQUIRES_TRACE,,,,app/engine_orchestrator/orchestrator_state.py:25:assignment,trace behavior authority; no direct YAML reference on this expression
app/engine_paper/backup_pitr_infrastructure.py,22,MAX_SAFE_TEXT,160,MAX_SAFE_TEXT,UNKNOWN_REQUIRES_TRACE,,,,app/engine_paper/backup_pitr_infrastructure.py:22:assignment,trace behavior authority; no direct YAML reference on this expression
app/engine_paper/command_ingestion_service.py,70,_COMMAND_GRAPH_LIMIT,100,_COMMAND_GRAPH_LIMIT,UNKNOWN_REQUIRES_TRACE,,,,app/engine_paper/command_ingestion_service.py:70:assignment,trace behavior authority; no direct YAML reference on this expression
app/engine_paper/continuous_authority.py,30,DAILY_COMMAND_BUDGET,10,DAILY_COMMAND_BUDGET,UNKNOWN_REQUIRES_TRACE,,,,app/engine_paper/continuous_authority.py:30:assignment,trace behavior authority; no direct YAML reference on this expression
app/engine_paper/controlled_runtime.py,46,MAX_ALLOWED_SYMBOLS,32,MAX_ALLOWED_SYMBOLS,UNKNOWN_REQUIRES_TRACE,,,,app/engine_paper/controlled_runtime.py:46:assignment,trace behavior authority; no direct YAML reference on this expression
app/engine_paper/controlled_runtime.py,47,MAX_BLOCKING_REASONS,16,MAX_BLOCKING_REASONS,UNKNOWN_REQUIRES_TRACE,,,,app/engine_paper/controlled_runtime.py:47:assignment,trace behavior authority; no direct YAML reference on this expression
app/engine_paper/controlled_runtime.py,48,MAX_MISSING_INPUTS,4,MAX_MISSING_INPUTS,UNKNOWN_REQUIRES_TRACE,,,,app/engine_paper/controlled_runtime.py:48:assignment,trace behavior authority; no direct YAML reference on this expression
app/engine_paper/controlled_runtime.py,194,max_stages_per_cycle,1,max_stages_per_cycle,UNKNOWN_REQUIRES_TRACE,,,,app/engine_paper/controlled_runtime.py:194:assignment,trace behavior authority; no direct YAML reference on this expression
app/engine_paper/controlled_runtime.py,258,exit_window_available,False,exit_window_available,UNKNOWN_REQUIRES_TRACE,,,,app/engine_paper/controlled_runtime.py:258:assignment,trace behavior authority; no direct YAML reference on this expression
app/engine_paper/controlled_runtime_canary.py,70,MAX_SAFE_RESULT_IDENTITIES,16,MAX_SAFE_RESULT_IDENTITIES,UNKNOWN_REQUIRES_TRACE,,,,app/engine_paper/controlled_runtime_canary.py:70:assignment,trace behavior authority; no direct YAML reference on this expression
app/engine_paper/controlled_runtime_sequence_canary.py,62,MIN_SEQUENCE_STEPS,1,MIN_SEQUENCE_STEPS,UNKNOWN_REQUIRES_TRACE,,,,app/engine_paper/controlled_runtime_sequence_canary.py:62:assignment,trace behavior authority; no direct YAML reference on this expression
app/engine_paper/controlled_runtime_sequence_canary.py,63,MAX_SEQUENCE_STEPS,5,MAX_SEQUENCE_STEPS,UNKNOWN_REQUIRES_TRACE,,,,app/engine_paper/controlled_runtime_sequence_canary.py:63:assignment,trace behavior authority; no direct YAML reference on this expression
app/engine_paper/controlled_runtime_sequence_canary.py,64,MAX_WORKER_INVOCATIONS_PER_STEP,1,MAX_WORKER_INVOCATIONS_PER_STEP,UNKNOWN_REQUIRES_TRACE,,,,app/engine_paper/controlled_runtime_sequence_canary.py:64:assignment,trace behavior authority; no direct YAML reference on this expression
app/engine_paper/controlled_runtime_sequence_canary.py,65,MAX_MUTATING_STAGES_PER_STEP,1,MAX_MUTATING_STAGES_PER_STEP,UNKNOWN_REQUIRES_TRACE,,,,app/engine_paper/controlled_runtime_sequence_canary.py:65:assignment,trace behavior authority; no direct YAML reference on this expression
app/engine_paper/controlled_runtime_sequence_canary.py,66,MAX_TOTAL_WORKER_INVOCATIONS,5,MAX_TOTAL_WORKER_INVOCATIONS,UNKNOWN_REQUIRES_TRACE,,,,app/engine_paper/controlled_runtime_sequence_canary.py:66:assignment,trace behavior authority; no direct YAML reference on this expression
app/engine_paper/controlled_runtime_sequence_canary.py,67,MAX_TOTAL_MUTATING_STAGES,5,MAX_TOTAL_MUTATING_STAGES,UNKNOWN_REQUIRES_TRACE,,,,app/engine_paper/controlled_runtime_sequence_canary.py:67:assignment,trace behavior authority; no direct YAML reference on this expression
app/engine_paper/controlled_worker.py,58,MAX_STAGES_PER_CYCLE,4,MAX_STAGES_PER_CYCLE,UNKNOWN_REQUIRES_TRACE,,,,app/engine_paper/controlled_worker.py:58:assignment,trace behavior authority; no direct YAML reference on this expression
app/engine_paper/controlled_worker.py,59,MAX_STAGE_SERVICE_ATTEMPTS,1,MAX_STAGE_SERVICE_ATTEMPTS,UNKNOWN_REQUIRES_TRACE,,,,app/engine_paper/controlled_worker.py:59:assignment,trace behavior authority; no direct YAML reference on this expression
app/engine_paper/controlled_worker.py,210,bounded_limit_reached,False,bounded_limit_reached,UNKNOWN_REQUIRES_TRACE,,,,app/engine_paper/controlled_worker.py:210:assignment,trace behavior authority; no direct YAML reference on this expression
app/engine_paper/controlled_worker.py,372,bounded_limit_reached,True,bounded_limit_reached,UNKNOWN_REQUIRES_TRACE,,,,app/engine_paper/controlled_worker.py:372:assignment,trace behavior authority; no direct YAML reference on this expression
app/engine_paper/entry_refinement.py,35,FIVE_MIN_MS,300000,FIVE_MIN_MS,UNKNOWN_REQUIRES_TRACE,,,,app/engine_paper/entry_refinement.py:35:assignment,trace behavior authority; no direct YAML reference on this expression
app/engine_paper/exit_evaluation_cursor.py,23,MAX_EXIT_EVALUATION_WINDOW_CANDLES,64,MAX_EXIT_EVALUATION_WINDOW_CANDLES,UNKNOWN_REQUIRES_TRACE,,,,app/engine_paper/exit_evaluation_cursor.py:23:assignment,trace behavior authority; no direct YAML reference on this expression
app/engine_paper/fill_policy.py,12,_MAX_MESSAGE_LENGTH,160,_MAX_MESSAGE_LENGTH,UNKNOWN_REQUIRES_TRACE,,,,app/engine_paper/fill_policy.py:12:assignment,trace behavior authority; no direct YAML reference on this expression
app/engine_paper/fill_simulator.py,52,MAX_CANDIDATE_CANDLES,64,MAX_CANDIDATE_CANDLES,UNKNOWN_REQUIRES_TRACE,,,,app/engine_paper/fill_simulator.py:52:assignment,trace behavior authority; no direct YAML reference on this expression
app/engine_paper/final_approval_materializer.py,56,MAX_ACCOUNTING_CLOSED_TRADES,10000,MAX_ACCOUNTING_CLOSED_TRADES,UNKNOWN_REQUIRES_TRACE,,,,app/engine_paper/final_approval_materializer.py:56:assignment,trace behavior authority; no direct YAML reference on this expression
app/engine_paper/operator_bounded_runtime_runner.py,52,MAX_CONFIG_BYTES,65536,MAX_CONFIG_BYTES,UNKNOWN_REQUIRES_TRACE,,,,app/engine_paper/operator_bounded_runtime_runner.py:52:assignment,trace behavior authority; no direct YAML reference on this expression
app/engine_paper/operator_bounded_runtime_runner.py,53,MAX_REQUEST_BYTES,262144,MAX_REQUEST_BYTES,UNKNOWN_REQUIRES_TRACE,,,,app/engine_paper/operator_bounded_runtime_runner.py:53:assignment,trace behavior authority; no direct YAML reference on this expression
app/engine_paper/operator_bounded_runtime_runner.py,54,MAX_SAFE_SUMMARY_BYTES,16384,MAX_SAFE_SUMMARY_BYTES,UNKNOWN_REQUIRES_TRACE,,,,app/engine_paper/operator_bounded_runtime_runner.py:54:assignment,trace behavior authority; no direct YAML reference on this expression
app/engine_paper/operator_bounded_runtime_runner.py,55,MAX_SUPPLIED_INPUT_BYTES,131072,MAX_SUPPLIED_INPUT_BYTES,UNKNOWN_REQUIRES_TRACE,,,,app/engine_paper/operator_bounded_runtime_runner.py:55:assignment,trace behavior authority; no direct YAML reference on this expression
app/engine_paper/operator_bounded_runtime_runner.py,56,MAX_IDENTITY_LENGTH,256,MAX_IDENTITY_LENGTH,UNKNOWN_REQUIRES_TRACE,,,,app/engine_paper/operator_bounded_runtime_runner.py:56:assignment,trace behavior authority; no direct YAML reference on this expression
app/engine_paper/operator_bounded_runtime_runner.py,57,MAX_SYMBOL_LENGTH,32,MAX_SYMBOL_LENGTH,UNKNOWN_REQUIRES_TRACE,,,,app/engine_paper/operator_bounded_runtime_runner.py:57:assignment,trace behavior authority; no direct YAML reference on this expression
app/engine_paper/operator_bounded_runtime_runner.py,58,MAX_TIMEOUT_SECONDS,3600.0,MAX_TIMEOUT_SECONDS,UNKNOWN_REQUIRES_TRACE,,,,app/engine_paper/operator_bounded_runtime_runner.py:58:assignment,trace behavior authority; no direct YAML reference on this expression
app/engine_paper/operator_bounded_runtime_runner.py,797,cleanup_timeout,5.0,cleanup_timeout,UNKNOWN_REQUIRES_TRACE,,,,app/engine_paper/operator_bounded_runtime_runner.py:797:assignment,trace behavior authority; no direct YAML reference on this expression
app/engine_paper/order_execution_service.py,66,MAX_CANDIDATE_CANDLES,64,MAX_CANDIDATE_CANDLES,UNKNOWN_REQUIRES_TRACE,,,,app/engine_paper/order_execution_service.py:66:assignment,trace behavior authority; no direct YAML reference on this expression
app/engine_paper/order_execution_service.py,68,_COMMAND_GRAPH_LIMIT,100,_COMMAND_GRAPH_LIMIT,UNKNOWN_REQUIRES_TRACE,,,,app/engine_paper/order_execution_service.py:68:assignment,trace behavior authority; no direct YAML reference on this expression
app/engine_paper/paper_config.py,15,require_risk_pre_approved,True,require_risk_pre_approved,UNKNOWN_REQUIRES_TRACE,,,,app/engine_paper/paper_config.py:15:assignment,trace behavior authority; no direct YAML reference on this expression
app/engine_paper/paper_config.py,17,minimum_planned_rr,1.5,minimum_planned_rr,UNKNOWN_REQUIRES_TRACE,,,,app/engine_paper/paper_config.py:17:assignment,trace behavior authority; no direct YAML reference on this expression
app/engine_paper/paper_config.py,18,entry_fee_bps,10.0,entry_fee_bps,UNKNOWN_REQUIRES_TRACE,,,,app/engine_paper/paper_config.py:18:assignment,trace behavior authority; no direct YAML reference on this expression
app/engine_paper/paper_config.py,19,exit_fee_bps,10.0,exit_fee_bps,UNKNOWN_REQUIRES_TRACE,,,,app/engine_paper/paper_config.py:19:assignment,trace behavior authority; no direct YAML reference on this expression
app/engine_paper/paper_config.py,20,entry_slippage_bps,2.0,entry_slippage_bps,UNKNOWN_REQUIRES_TRACE,,,,app/engine_paper/paper_config.py:20:assignment,trace behavior authority; no direct YAML reference on this expression
app/engine_paper/paper_config.py,21,exit_slippage_bps,2.0,exit_slippage_bps,UNKNOWN_REQUIRES_TRACE,,,,app/engine_paper/paper_config.py:21:assignment,trace behavior authority; no direct YAML reference on this expression
app/engine_paper/paper_config.py,22,cost_safety_margin_bps,3.0,cost_safety_margin_bps,UNKNOWN_REQUIRES_TRACE,,,,app/engine_paper/paper_config.py:22:assignment,trace behavior authority; no direct YAML reference on this expression
app/engine_paper/paper_config.py,30,default_target_rr,1.5,default_target_rr,UNKNOWN_REQUIRES_TRACE,,,,app/engine_paper/paper_config.py:30:assignment,trace behavior authority; no direct YAML reference on this expression
app/engine_paper/paper_level_builder.py,48,rr_pass,False,rr_pass,UNKNOWN_REQUIRES_TRACE,,,,app/engine_paper/paper_level_builder.py:48:assignment,trace behavior authority; no direct YAML reference on this expression
app/engine_paper/paper_store.py,37,limit,100,limit,UNKNOWN_REQUIRES_TRACE,,,,app/engine_paper/paper_store.py:37:function_default,trace behavior authority; no direct YAML reference on this expression
app/engine_paper/performance.py,39,max_loss_streak,0,max_loss_streak,UNKNOWN_REQUIRES_TRACE,,,,app/engine_paper/performance.py:39:assignment,trace behavior authority; no direct YAML reference on this expression
app/engine_paper/production_approval.py,56,MAX_SYMBOLS_PER_REQUEST,10,MAX_SYMBOLS_PER_REQUEST,UNKNOWN_REQUIRES_TRACE,,,,app/engine_paper/production_approval.py:56:assignment,trace behavior authority; no direct YAML reference on this expression
app/engine_paper/production_approval.py,57,MAX_RUN_LOOKBACK,8,MAX_RUN_LOOKBACK,UNKNOWN_REQUIRES_TRACE,,,,app/engine_paper/production_approval.py:57:assignment,trace behavior authority; no direct YAML reference on this expression
app/engine_paper/production_approval.py,58,MAX_RESULTS_PER_MODULE,8,MAX_RESULTS_PER_MODULE,UNKNOWN_REQUIRES_TRACE,,,,app/engine_paper/production_approval.py:58:assignment,trace behavior authority; no direct YAML reference on this expression
app/engine_paper/production_approval.py,59,MAX_ROWS_PER_REQUEST,80,MAX_ROWS_PER_REQUEST,UNKNOWN_REQUIRES_TRACE,,,,app/engine_paper/production_approval.py:59:assignment,trace behavior authority; no direct YAML reference on this expression
app/engine_paper/production_approval.py,60,MAX_CANDIDATES_PER_REQUEST,10,MAX_CANDIDATES_PER_REQUEST,UNKNOWN_REQUIRES_TRACE,,,,app/engine_paper/production_approval.py:60:assignment,trace behavior authority; no direct YAML reference on this expression
app/engine_paper/production_composition.py,42,MINIMUM_PITR_WINDOW_SECONDS,86400,MINIMUM_PITR_WINDOW_SECONDS,UNKNOWN_REQUIRES_TRACE,,,,app/engine_paper/production_composition.py:42:assignment,trace behavior authority; no direct YAML reference on this expression
app/engine_paper/production_composition.py,254,lock_timeout_ms,5000,lock_timeout_ms,UNKNOWN_REQUIRES_TRACE,,,,app/engine_paper/production_composition.py:254:assignment,trace behavior authority; no direct YAML reference on this expression
app/engine_paper/production_composition.py,255,statement_timeout_ms,60000,statement_timeout_ms,UNKNOWN_REQUIRES_TRACE,,,,app/engine_paper/production_composition.py:255:assignment,trace behavior authority; no direct YAML reference on this expression
app/engine_paper/production_composition.py,499,publish_budget,1,publish_budget,UNKNOWN_REQUIRES_TRACE,,,,app/engine_paper/production_composition.py:499:assignment,trace behavior authority; no direct YAML reference on this expression
app/engine_paper/production_composition.py,512,max_commands,1,max_commands,UNKNOWN_REQUIRES_TRACE,,,,app/engine_paper/production_composition.py:512:assignment,trace behavior authority; no direct YAML reference on this expression
app/engine_paper/production_composition.py,513,max_open_positions,1,max_open_positions,UNKNOWN_REQUIRES_TRACE,,,,app/engine_paper/production_composition.py:513:assignment,trace behavior authority; no direct YAML reference on this expression
app/engine_paper/production_market_data.py,41,MAX_TIMEFRAMES_PER_REQUEST,6,MAX_TIMEFRAMES_PER_REQUEST,UNKNOWN_REQUIRES_TRACE,,,,app/engine_paper/production_market_data.py:41:assignment,trace behavior authority; no direct YAML reference on this expression
app/engine_paper/production_market_data.py,42,MAX_CANDLES_PER_TIMEFRAME,512,MAX_CANDLES_PER_TIMEFRAME,UNKNOWN_REQUIRES_TRACE,,,,app/engine_paper/production_market_data.py:42:assignment,trace behavior authority; no direct YAML reference on this expression
app/engine_paper/production_market_data.py,489,any_grace,False,any_grace,UNKNOWN_REQUIRES_TRACE,,,,app/engine_paper/production_market_data.py:489:assignment,trace behavior authority; no direct YAML reference on this expression
app/engine_paper/production_market_data.py,612,any_grace,True,any_grace,UNKNOWN_REQUIRES_TRACE,,,,app/engine_paper/production_market_data.py:612:assignment,trace behavior authority; no direct YAML reference on this expression
app/engine_paper/production_preparation.py,168,max_runtime_grant_reconciliation,1,max_runtime_grant_reconciliation,UNKNOWN_REQUIRES_TRACE,,,,app/engine_paper/production_preparation.py:168:assignment,trace behavior authority; no direct YAML reference on this expression
app/engine_paper/production_preparation.py,169,max_readonly_grant_reconciliation,1,max_readonly_grant_reconciliation,UNKNOWN_REQUIRES_TRACE,,,,app/engine_paper/production_preparation.py:169:assignment,trace behavior authority; no direct YAML reference on this expression
app/engine_paper/production_preparation.py,170,max_runtime_binding_write,1,max_runtime_binding_write,UNKNOWN_REQUIRES_TRACE,,,,app/engine_paper/production_preparation.py:170:assignment,trace behavior authority; no direct YAML reference on this expression
app/engine_paper/production_preparation.py,171,max_disabled_runtime_deployment,1,max_disabled_runtime_deployment,UNKNOWN_REQUIRES_TRACE,,,,app/engine_paper/production_preparation.py:171:assignment,trace behavior authority; no direct YAML reference on this expression
app/engine_paper/production_preparation.py,172,max_readonly_api_deployment,1,max_readonly_api_deployment,UNKNOWN_REQUIRES_TRACE,,,,app/engine_paper/production_preparation.py:172:assignment,trace behavior authority; no direct YAML reference on this expression
app/engine_paper/production_readiness.py,27,MAX_SAFE_RENDER_BYTES,65536,MAX_SAFE_RENDER_BYTES,UNKNOWN_REQUIRES_TRACE,,,,app/engine_paper/production_readiness.py:27:assignment,trace behavior authority; no direct YAML reference on this expression
app/engine_paper/production_readiness.py,28,MAX_EVIDENCE_ITEMS,32,MAX_EVIDENCE_ITEMS,UNKNOWN_REQUIRES_TRACE,,,,app/engine_paper/production_readiness.py:28:assignment,trace behavior authority; no direct YAML reference on this expression
app/engine_paper/production_readiness.py,29,MAX_BLOCKERS_PER_DOMAIN,8,MAX_BLOCKERS_PER_DOMAIN,UNKNOWN_REQUIRES_TRACE,,,,app/engine_paper/production_readiness.py:29:assignment,trace behavior authority; no direct YAML reference on this expression
app/engine_paper/production_readiness.py,30,MAX_TEXT_LENGTH,512,MAX_TEXT_LENGTH,UNKNOWN_REQUIRES_TRACE,,,,app/engine_paper/production_readiness.py:30:assignment,trace behavior authority; no direct YAML reference on this expression
app/engine_paper/production_readiness.py,396,max_symbols,1,max_symbols,UNKNOWN_REQUIRES_TRACE,,,,app/engine_paper/production_readiness.py:396:assignment,trace behavior authority; no direct YAML reference on this expression
app/engine_paper/production_readiness.py,397,max_positions,1,max_positions,UNKNOWN_REQUIRES_TRACE,,,,app/engine_paper/production_readiness.py:397:assignment,trace behavior authority; no direct YAML reference on this expression
app/engine_paper/production_readiness.py,398,max_new_commands,1,max_new_commands,UNKNOWN_REQUIRES_TRACE,,,,app/engine_paper/production_readiness.py:398:assignment,trace behavior authority; no direct YAML reference on this expression
app/engine_paper/production_readiness.py,399,max_worker_stages,1,max_worker_stages,UNKNOWN_REQUIRES_TRACE,,,,app/engine_paper/production_readiness.py:399:assignment,trace behavior authority; no direct YAML reference on this expression
app/engine_paper/production_readiness.py,400,max_runtime_seconds,300,max_runtime_seconds,UNKNOWN_REQUIRES_TRACE,,,,app/engine_paper/production_readiness.py:400:assignment,trace behavior authority; no direct YAML reference on this expression
app/engine_paper/production_readiness.py,401,max_candle_inputs,2,max_candle_inputs,UNKNOWN_REQUIRES_TRACE,,,,app/engine_paper/production_readiness.py:401:assignment,trace behavior authority; no direct YAML reference on this expression
app/engine_paper/production_readiness.py,402,max_db_rows_touched,40,max_db_rows_touched,UNKNOWN_REQUIRES_TRACE,,,,app/engine_paper/production_readiness.py:402:assignment,trace behavior authority; no direct YAML reference on this expression
app/engine_paper/production_readiness.py,404,max_retry_count,0,max_retry_count,UNKNOWN_REQUIRES_TRACE,,,,app/engine_paper/production_readiness.py:404:assignment,trace behavior authority; no direct YAML reference on this expression
app/engine_paper/production_readiness.py,405,max_resume_attempts,0,max_resume_attempts,UNKNOWN_REQUIRES_TRACE,,,,app/engine_paper/production_readiness.py:405:assignment,trace behavior authority; no direct YAML reference on this expression
app/engine_paper/reconciliation.py,30,MAX_SAFE_REPORT_BYTES,65536,MAX_SAFE_REPORT_BYTES,UNKNOWN_REQUIRES_TRACE,,,,app/engine_paper/reconciliation.py:30:assignment,trace behavior authority; no direct YAML reference on this expression
app/engine_paper/reconciliation.py,122,BOUNDED_LIMIT_EXCEEDED,14,BOUNDED_LIMIT_EXCEEDED,UNKNOWN_REQUIRES_TRACE,,,,app/engine_paper/reconciliation.py:122:assignment,trace behavior authority; no direct YAML reference on this expression
app/engine_paper/reconciliation.py,147,max_positions,100,max_positions,UNKNOWN_REQUIRES_TRACE,,,,app/engine_paper/reconciliation.py:147:assignment,trace behavior authority; no direct YAML reference on this expression
app/engine_paper/reconciliation.py,148,max_orders,300,max_orders,UNKNOWN_REQUIRES_TRACE,,,,app/engine_paper/reconciliation.py:148:assignment,trace behavior authority; no direct YAML reference on this expression
app/engine_paper/reconciliation.py,149,max_fills,300,max_fills,UNKNOWN_REQUIRES_TRACE,,,,app/engine_paper/reconciliation.py:149:assignment,trace behavior authority; no direct YAML reference on this expression
app/engine_paper/reconciliation.py,150,max_events,1500,max_events,UNKNOWN_REQUIRES_TRACE,,,,app/engine_paper/reconciliation.py:150:assignment,trace behavior authority; no direct YAML reference on this expression
app/engine_paper/reconciliation.py,151,max_journal_rows,2000,max_journal_rows,UNKNOWN_REQUIRES_TRACE,,,,app/engine_paper/reconciliation.py:151:assignment,trace behavior authority; no direct YAML reference on this expression
app/engine_paper/reconciliation.py,152,max_cursors,100,max_cursors,UNKNOWN_REQUIRES_TRACE,,,,app/engine_paper/reconciliation.py:152:assignment,trace behavior authority; no direct YAML reference on this expression
app/engine_paper/reconciliation.py,153,max_exit_decisions,100,max_exit_decisions,UNKNOWN_REQUIRES_TRACE,,,,app/engine_paper/reconciliation.py:153:assignment,trace behavior authority; no direct YAML reference on this expression
app/engine_paper/reconciliation.py,154,max_commands,100,max_commands,UNKNOWN_REQUIRES_TRACE,,,,app/engine_paper/reconciliation.py:154:assignment,trace behavior authority; no direct YAML reference on this expression
app/engine_paper/reconciliation.py,155,max_findings,200,max_findings,UNKNOWN_REQUIRES_TRACE,,,,app/engine_paper/reconciliation.py:155:assignment,trace behavior authority; no direct YAML reference on this expression
app/engine_paper/recovery_readiness.py,25,MAX_SAFE_TEXT,256,MAX_SAFE_TEXT,UNKNOWN_REQUIRES_TRACE,,,,app/engine_paper/recovery_readiness.py:25:assignment,trace behavior authority; no direct YAML reference on this expression
app/engine_paper/repositories.py,101,MAX_GRAPH_ROWS,100,MAX_GRAPH_ROWS,UNKNOWN_REQUIRES_TRACE,,,,app/engine_paper/repositories.py:101:assignment,trace behavior authority; no direct YAML reference on this expression
app/engine_paper/repositories.py,102,MAX_JOURNAL_ROWS,200,MAX_JOURNAL_ROWS,UNKNOWN_REQUIRES_TRACE,,,,app/engine_paper/repositories.py:102:assignment,trace behavior authority; no direct YAML reference on this expression
app/engine_paper/scalping_policy_v2.py,71,sample_size,0,sample_size,UNKNOWN_REQUIRES_TRACE,,,,app/engine_paper/scalping_policy_v2.py:71:assignment,trace behavior authority; no direct YAML reference on this expression
app/engine_paper/scalping_policy_v2.py,72,parent_sample_size,0,parent_sample_size,UNKNOWN_REQUIRES_TRACE,,,,app/engine_paper/scalping_policy_v2.py:72:assignment,trace behavior authority; no direct YAML reference on this expression
app/engine_paper/scalping_shadow.py,72,entry_fee_bps,10.0,entry_fee_bps,UNKNOWN_REQUIRES_TRACE,,,,app/engine_paper/scalping_shadow.py:72:assignment,trace behavior authority; no direct YAML reference on this expression
app/engine_paper/scalping_shadow.py,73,exit_fee_bps,10.0,exit_fee_bps,UNKNOWN_REQUIRES_TRACE,,,,app/engine_paper/scalping_shadow.py:73:assignment,trace behavior authority; no direct YAML reference on this expression
app/engine_paper/scalping_shadow.py,74,entry_slippage_bps,2.0,entry_slippage_bps,UNKNOWN_REQUIRES_TRACE,,,,app/engine_paper/scalping_shadow.py:74:assignment,trace behavior authority; no direct YAML reference on this expression
app/engine_paper/scalping_shadow.py,75,exit_slippage_bps,2.0,exit_slippage_bps,UNKNOWN_REQUIRES_TRACE,,,,app/engine_paper/scalping_shadow.py:75:assignment,trace behavior authority; no direct YAML reference on this expression
app/engine_paper/scalping_shadow.py,76,safety_margin_bps,3.0,safety_margin_bps,UNKNOWN_REQUIRES_TRACE,,,,app/engine_paper/scalping_shadow.py:76:assignment,trace behavior authority; no direct YAML reference on this expression
app/engine_paper/scalping_shadow.py,77,adverse_fill_reserve_bps,0.0,adverse_fill_reserve_bps,UNKNOWN_REQUIRES_TRACE,,,,app/engine_paper/scalping_shadow.py:77:assignment,trace behavior authority; no direct YAML reference on this expression
app/engine_paper/scalping_shadow.py,93,spread_authoritative,False,spread_authoritative,UNKNOWN_REQUIRES_TRACE,,,,app/engine_paper/scalping_shadow.py:93:assignment,trace behavior authority; no direct YAML reference on this expression
app/engine_paper/scalping_shadow.py,94,depth_authoritative,False,depth_authoritative,UNKNOWN_REQUIRES_TRACE,,,,app/engine_paper/scalping_shadow.py:94:assignment,trace behavior authority; no direct YAML reference on this expression
app/engine_paper/scalping_shadow.py,204,production_rr_floor,1.5,production_rr_floor,UNKNOWN_REQUIRES_TRACE,,,,app/engine_paper/scalping_shadow.py:204:assignment,trace behavior authority; no direct YAML reference on this expression
app/engine_paper/scalping_shadow.py,205,max_depth_impact_bps,20.0,max_depth_impact_bps,UNKNOWN_REQUIRES_TRACE,,,,app/engine_paper/scalping_shadow.py:205:assignment,trace behavior authority; no direct YAML reference on this expression
app/engine_paper/scalping_shadow.py,214,minimum_ev_reserve_r,0.0,minimum_ev_reserve_r,UNKNOWN_REQUIRES_TRACE,,,,app/engine_paper/scalping_shadow.py:214:assignment,trace behavior authority; no direct YAML reference on this expression
app/engine_paper/scalping_shadow.py,299,probability_sample_size,0,probability_sample_size,UNKNOWN_REQUIRES_TRACE,,,,app/engine_paper/scalping_shadow.py:299:assignment,trace behavior authority; no direct YAML reference on this expression
app/engine_paper/scalping_shadow.py,300,probability_parent_sample_size,0,probability_parent_sample_size,UNKNOWN_REQUIRES_TRACE,,,,app/engine_paper/scalping_shadow.py:300:assignment,trace behavior authority; no direct YAML reference on this expression
app/engine_risk/cross_profile_arbiter.py,25,risk_bps,0.0,risk_bps,UNKNOWN_REQUIRES_TRACE,,,,app/engine_risk/cross_profile_arbiter.py:25:assignment,trace behavior authority; no direct YAML reference on this expression
app/engine_risk/cross_profile_arbiter.py,34,global_open_position_budget_shared,True,global_open_position_budget_shared,UNKNOWN_REQUIRES_TRACE,,,,app/engine_risk/cross_profile_arbiter.py:34:assignment,trace behavior authority; no direct YAML reference on this expression
app/engine_risk/cross_profile_arbiter.py,35,global_daily_risk_budget_shared,True,global_daily_risk_budget_shared,UNKNOWN_REQUIRES_TRACE,,,,app/engine_risk/cross_profile_arbiter.py:35:assignment,trace behavior authority; no direct YAML reference on this expression
app/engine_risk/risk_config.py,20,require_risk_review_flag,True,require_risk_review_flag,UNKNOWN_REQUIRES_TRACE,,,,app/engine_risk/risk_config.py:20:assignment,trace behavior authority; no direct YAML reference on this expression
app/engine_risk/risk_config.py,24,max_research_preapprovals_per_symbol_per_day,20,max_research_preapprovals_per_symbol_per_day,UNKNOWN_REQUIRES_TRACE,,,,app/engine_risk/risk_config.py:24:assignment,trace behavior authority; no direct YAML reference on this expression
app/engine_risk/risk_config.py,25,max_research_preapprovals_total_per_day,50,max_research_preapprovals_total_per_day,UNKNOWN_REQUIRES_TRACE,,,,app/engine_risk/risk_config.py:25:assignment,trace behavior authority; no direct YAML reference on this expression
app/engine_risk/risk_config.py,28,allow_medium_risk,False,allow_medium_risk,UNKNOWN_REQUIRES_TRACE,,,,app/engine_risk/risk_config.py:28:assignment,trace behavior authority; no direct YAML reference on this expression
app/engine_risk/risk_decision.py,51,risk_pre_approved,False,risk_pre_approved,UNKNOWN_REQUIRES_TRACE,,,,app/engine_risk/risk_decision.py:51:assignment,trace behavior authority; no direct YAML reference on this expression
app/engine_risk/risk_store.py,36,limit,100,limit,UNKNOWN_REQUIRES_TRACE,,,,app/engine_risk/risk_store.py:36:function_default,trace behavior authority; no direct YAML reference on this expression
app/engine_safety/paper_domain.py,15,_MAX_MESSAGE_LENGTH,240,_MAX_MESSAGE_LENGTH,UNKNOWN_REQUIRES_TRACE,,,,app/engine_safety/paper_domain.py:15:assignment,trace behavior authority; no direct YAML reference on this expression
app/engine_safety/paper_production_control.py,39,MAX_SYMBOLS,32,MAX_SYMBOLS,UNKNOWN_REQUIRES_TRACE,,,,app/engine_safety/paper_production_control.py:39:assignment,trace behavior authority; no direct YAML reference on this expression
app/engine_safety/production_backup.py,26,MIN_VALID_LOGICAL_BACKUPS,2,MIN_VALID_LOGICAL_BACKUPS,UNKNOWN_REQUIRES_TRACE,,,,app/engine_safety/production_backup.py:26:assignment,trace behavior authority; no direct YAML reference on this expression
app/engine_safety/production_backup.py,32,CATALOG_LIMIT,128,CATALOG_LIMIT,UNKNOWN_REQUIRES_TRACE,,,,app/engine_safety/production_backup.py:32:assignment,trace behavior authority; no direct YAML reference on this expression
app/engine_safety/production_backup.py,33,RETENTION_DELETE_BATCH,8,RETENTION_DELETE_BATCH,UNKNOWN_REQUIRES_TRACE,,,,app/engine_safety/production_backup.py:33:assignment,trace behavior authority; no direct YAML reference on this expression
app/engine_safety/production_backup.py,96,max_logical_backup_age_hours,24,max_logical_backup_age_hours,UNKNOWN_REQUIRES_TRACE,,,,app/engine_safety/production_backup.py:96:assignment,trace behavior authority; no direct YAML reference on this expression
app/engine_safety/production_backup.py,97,min_valid_logical_backups,2,min_valid_logical_backups,UNKNOWN_REQUIRES_TRACE,,,,app/engine_safety/production_backup.py:97:assignment,trace behavior authority; no direct YAML reference on this expression
app/engine_safety/production_backup.py,98,min_pitr_window_hours,24,min_pitr_window_hours,UNKNOWN_REQUIRES_TRACE,,,,app/engine_safety/production_backup.py:98:assignment,trace behavior authority; no direct YAML reference on this expression
app/engine_safety/production_backup.py,99,restore_rehearsal_cadence_days,30,restore_rehearsal_cadence_days,UNKNOWN_REQUIRES_TRACE,,,,app/engine_safety/production_backup.py:99:assignment,trace behavior authority; no direct YAML reference on this expression
app/engine_safety/production_backup.py,100,pitr_rehearsal_cadence_days,90,pitr_rehearsal_cadence_days,UNKNOWN_REQUIRES_TRACE,,,,app/engine_safety/production_backup.py:100:assignment,trace behavior authority; no direct YAML reference on this expression
app/engine_safety/production_wal_archive.py,222,window,0,window,UNKNOWN_REQUIRES_TRACE,,,,app/engine_safety/production_wal_archive.py:222:assignment,trace behavior authority; no direct YAML reference on this expression
app/engine_setup/setup_store.py,39,limit,100,limit,UNKNOWN_REQUIRES_TRACE,,,,app/engine_setup/setup_store.py:39:function_default,trace behavior authority; no direct YAML reference on this expression
app/engine_strategy/strategy_decision.py,63,requires_risk_review,False,requires_risk_review,UNKNOWN_REQUIRES_TRACE,,,,app/engine_strategy/strategy_decision.py:63:assignment,trace behavior authority; no direct YAML reference on this expression
app/engine_strategy/strategy_store.py,39,limit,100,limit,UNKNOWN_REQUIRES_TRACE,,,,app/engine_strategy/strategy_store.py:39:function_default,trace behavior authority; no direct YAML reference on this expression
app/i18n/service.py,15,MAX_KEYS,2000,MAX_KEYS,UNKNOWN_REQUIRES_TRACE,,,,app/i18n/service.py:15:assignment,trace behavior authority; no direct YAML reference on this expression
app/i18n/service.py,17,MAX_VALUE_LENGTH,4096,MAX_VALUE_LENGTH,UNKNOWN_REQUIRES_TRACE,,,,app/i18n/service.py:17:assignment,trace behavior authority; no direct YAML reference on this expression
app/observability/stability_models.py,106,max_normal_lateness_seconds,0.0,max_normal_lateness_seconds,UNKNOWN_REQUIRES_TRACE,,,,app/observability/stability_models.py:106:assignment,trace behavior authority; no direct YAML reference on this expression
app/observability/stability_models.py,107,max_boundary_lateness_seconds,0.0,max_boundary_lateness_seconds,UNKNOWN_REQUIRES_TRACE,,,,app/observability/stability_models.py:107:assignment,trace behavior authority; no direct YAML reference on this expression
app/observability/stability_schedule.py,40,sample_index,0,sample_index,UNKNOWN_REQUIRES_TRACE,,,,app/observability/stability_schedule.py:40:assignment,trace behavior authority; no direct YAML reference on this expression
app/operator_control/config.py,15,SIGNED_REQUEST_MAX_AGE_SECONDS,120,SIGNED_REQUEST_MAX_AGE_SECONDS,UNKNOWN_REQUIRES_TRACE,,,,app/operator_control/config.py:15:assignment,trace behavior authority; no direct YAML reference on this expression
app/operator_control/config.py,16,SIGNED_REQUEST_MAX_FUTURE_SKEW_SECONDS,30,SIGNED_REQUEST_MAX_FUTURE_SKEW_SECONDS,UNKNOWN_REQUIRES_TRACE,,,,app/operator_control/config.py:16:assignment,trace behavior authority; no direct YAML reference on this expression
app/operator_control/continuation_worker.py,34,DEFAULT_POLL_SECONDS,5.0,DEFAULT_POLL_SECONDS,UNKNOWN_REQUIRES_TRACE,,,,app/operator_control/continuation_worker.py:34:assignment,trace behavior authority; no direct YAML reference on this expression
app/operator_control/continuation_worker.py,35,MIN_POLL_SECONDS,5.0,MIN_POLL_SECONDS,UNKNOWN_REQUIRES_TRACE,,,,app/operator_control/continuation_worker.py:35:assignment,trace behavior authority; no direct YAML reference on this expression
app/operator_control/continuation_worker.py,36,MAX_POLL_SECONDS,3600.0,MAX_POLL_SECONDS,UNKNOWN_REQUIRES_TRACE,,,,app/operator_control/continuation_worker.py:36:assignment,trace behavior authority; no direct YAML reference on this expression
app/operator_control/production_lifecycle_worker.py,79,DEFAULT_POLL_SECONDS,10.0,DEFAULT_POLL_SECONDS,UNKNOWN_REQUIRES_TRACE,,,,app/operator_control/production_lifecycle_worker.py:79:assignment,trace behavior authority; no direct YAML reference on this expression
app/operator_control/production_lifecycle_worker.py,80,MIN_POLL_SECONDS,5.0,MIN_POLL_SECONDS,UNKNOWN_REQUIRES_TRACE,,,,app/operator_control/production_lifecycle_worker.py:80:assignment,trace behavior authority; no direct YAML reference on this expression
app/operator_control/production_lifecycle_worker.py,81,MAX_POLL_SECONDS,60.0,MAX_POLL_SECONDS,UNKNOWN_REQUIRES_TRACE,,,,app/operator_control/production_lifecycle_worker.py:81:assignment,trace behavior authority; no direct YAML reference on this expression
app/operator_control/production_lifecycle_worker.py,82,MAX_CANDLES,512,MAX_CANDLES,UNKNOWN_REQUIRES_TRACE,,,,app/operator_control/production_lifecycle_worker.py:82:assignment,trace behavior authority; no direct YAML reference on this expression
app/operator_control/runtime.py,81,READONLY_CURRENT_SNAPSHOT_TIMEOUT_SECONDS,10,READONLY_CURRENT_SNAPSHOT_TIMEOUT_SECONDS,UNKNOWN_REQUIRES_TRACE,,,,app/operator_control/runtime.py:81:assignment,trace behavior authority; no direct YAML reference on this expression
app/operator_control/runtime_health.py,17,PUBLISH_INTERVAL_SECONDS,5.0,PUBLISH_INTERVAL_SECONDS,UNKNOWN_REQUIRES_TRACE,,,,app/operator_control/runtime_health.py:17:assignment,trace behavior authority; no direct YAML reference on this expression
app/operator_control/runtime_health.py,18,MAX_HEARTBEAT_AGE_SECONDS,20.0,MAX_HEARTBEAT_AGE_SECONDS,UNKNOWN_REQUIRES_TRACE,,,,app/operator_control/runtime_health.py:18:assignment,trace behavior authority; no direct YAML reference on this expression
app/operator_control/schemas.py,155,max_new_commands,1,max_new_commands,UNKNOWN_REQUIRES_TRACE,,,,app/operator_control/schemas.py:155:assignment,trace behavior authority; no direct YAML reference on this expression
app/operator_control/schemas.py,156,max_open_positions,1,max_open_positions,UNKNOWN_REQUIRES_TRACE,,,,app/operator_control/schemas.py:156:assignment,trace behavior authority; no direct YAML reference on this expression
app/server_api/funnel_export.py,37,MAX_EXPORT_ROWS,2880,MAX_EXPORT_ROWS,UNKNOWN_REQUIRES_TRACE,,,,app/server_api/funnel_export.py:37:assignment,trace behavior authority; no direct YAML reference on this expression
app/server_api/funnel_export.py,41,MAX_EXPORT_PAGE_SIZE,2000,MAX_EXPORT_PAGE_SIZE,UNKNOWN_REQUIRES_TRACE,,,,app/server_api/funnel_export.py:41:assignment,trace behavior authority; no direct YAML reference on this expression
app/server_api/health_policy.py,147,within_grace,True,within_grace,UNKNOWN_REQUIRES_TRACE,,,,app/server_api/health_policy.py:147:assignment,trace behavior authority; no direct YAML reference on this expression
app/server_api/health_policy.py,160,within_grace,False,within_grace,UNKNOWN_REQUIRES_TRACE,,,,app/server_api/health_policy.py:160:assignment,trace behavior authority; no direct YAML reference on this expression
app/server_api/paper_runtime_observation.py,59,MINIMUM_PITR_WINDOW_SECONDS,86400,MINIMUM_PITR_WINDOW_SECONDS,UNKNOWN_REQUIRES_TRACE,,,,app/server_api/paper_runtime_observation.py:59:assignment,trace behavior authority; no direct YAML reference on this expression
app/server_api/paper_runtime_observation.py,62,MAX_WAL_DAEMON_AGE_SECONDS,1200,MAX_WAL_DAEMON_AGE_SECONDS,UNKNOWN_REQUIRES_TRACE,,,,app/server_api/paper_runtime_observation.py:62:assignment,trace behavior authority; no direct YAML reference on this expression
app/server_api/paper_runtime_observation.py,63,MAX_MARKET_HEALTH_AGE_SECONDS,180,MAX_MARKET_HEALTH_AGE_SECONDS,UNKNOWN_REQUIRES_TRACE,,,,app/server_api/paper_runtime_observation.py:63:assignment,trace behavior authority; no direct YAML reference on this expression
app/server_api/repositories/protocols.py,79,limit,2,limit,UNKNOWN_REQUIRES_TRACE,,,,app/server_api/repositories/protocols.py:79:function_default,trace behavior authority; no direct YAML reference on this expression
app/server_api/repositories/sqlalchemy_read.py,900,limit,2,limit,UNKNOWN_REQUIRES_TRACE,,,,app/server_api/repositories/sqlalchemy_read.py:900:function_default,trace behavior authority; no direct YAML reference on this expression
app/server_api/routes/paper.py,35,limit,50,limit,UNKNOWN_REQUIRES_TRACE,,,,app/server_api/routes/paper.py:35:function_default,trace behavior authority; no direct YAML reference on this expression
app/server_api/routes/paper.py,44,limit,50,limit,UNKNOWN_REQUIRES_TRACE,,,,app/server_api/routes/paper.py:44:function_default,trace behavior authority; no direct YAML reference on this expression
app/server_api/routes/paper.py,52,limit,50,limit,UNKNOWN_REQUIRES_TRACE,,,,app/server_api/routes/paper.py:52:function_default,trace behavior authority; no direct YAML reference on this expression
app/server_api/routes/paper.py,57,limit,50,limit,UNKNOWN_REQUIRES_TRACE,,,,app/server_api/routes/paper.py:57:function_default,trace behavior authority; no direct YAML reference on this expression
app/server_api/routes/paper.py,62,limit,50,limit,UNKNOWN_REQUIRES_TRACE,,,,app/server_api/routes/paper.py:62:function_default,trace behavior authority; no direct YAML reference on this expression
app/server_api/routes/v1.py,124,limit,50,limit,UNKNOWN_REQUIRES_TRACE,,,,app/server_api/routes/v1.py:124:function_default,trace behavior authority; no direct YAML reference on this expression
app/server_api/routes/v1.py,146,limit,50,limit,UNKNOWN_REQUIRES_TRACE,,,,app/server_api/routes/v1.py:146:function_default,trace behavior authority; no direct YAML reference on this expression
app/server_api/runtime_config.py,15,MAX_STATEMENT_TIMEOUT_MS,300000,MAX_STATEMENT_TIMEOUT_MS,UNKNOWN_REQUIRES_TRACE,,,,app/server_api/runtime_config.py:15:assignment,trace behavior authority; no direct YAML reference on this expression
app/server_api/runtime_config.py,16,MAX_POOL_SIZE,32,MAX_POOL_SIZE,UNKNOWN_REQUIRES_TRACE,,,,app/server_api/runtime_config.py:16:assignment,trace behavior authority; no direct YAML reference on this expression
app/server_api/runtime_config.py,17,MAX_POOL_TIMEOUT_SECONDS,120,MAX_POOL_TIMEOUT_SECONDS,UNKNOWN_REQUIRES_TRACE,,,,app/server_api/runtime_config.py:17:assignment,trace behavior authority; no direct YAML reference on this expression
app/server_api/runtime_config.py,89,statement_timeout_ms,30000,statement_timeout_ms,UNKNOWN_REQUIRES_TRACE,,,,app/server_api/runtime_config.py:89:assignment,trace behavior authority; no direct YAML reference on this expression
app/server_api/runtime_config.py,91,pool_timeout_seconds,30,pool_timeout_seconds,UNKNOWN_REQUIRES_TRACE,,,,app/server_api/runtime_config.py:91:assignment,trace behavior authority; no direct YAML reference on this expression
app/server_api/services/paper_reporting.py,60,MAX_RECONCILIATION_CLOSED_TRADES,10000,MAX_RECONCILIATION_CLOSED_TRADES,UNKNOWN_REQUIRES_TRACE,,,,app/server_api/services/paper_reporting.py:60:assignment,trace behavior authority; no direct YAML reference on this expression
app/server_api/settings.py,7,default_page_limit,50,default_page_limit,UNKNOWN_REQUIRES_TRACE,,,,app/server_api/settings.py:7:assignment,trace behavior authority; no direct YAML reference on this expression
app/server_api/settings.py,8,dashboard_run_limit,20,dashboard_run_limit,UNKNOWN_REQUIRES_TRACE,,,,app/server_api/settings.py:8:assignment,trace behavior authority; no direct YAML reference on this expression
app/server_api/trading_funnel.py,78,ROW_CACHE_TTL_SECONDS,30.0,ROW_CACHE_TTL_SECONDS,UNKNOWN_REQUIRES_TRACE,,,,app/server_api/trading_funnel.py:78:assignment,trace behavior authority; no direct YAML reference on this expression
traders_ml/parameter_sweep/engine.py,2232,batch_active,0,batch_active,UNKNOWN_REQUIRES_TRACE,,,,traders_ml/parameter_sweep/engine.py:2232:assignment,trace behavior authority; no direct YAML reference on this expression
traders_ml/parameter_sweep/engine.py,2357,batch_active,0,batch_active,UNKNOWN_REQUIRES_TRACE,,,,traders_ml/parameter_sweep/engine.py:2357:assignment,trace behavior authority; no direct YAML reference on this expression
traders_ml/parameter_sweep/historical_replay.py,30,MAX_CANDLE_CACHE_WINDOWS,512,MAX_CANDLE_CACHE_WINDOWS,UNKNOWN_REQUIRES_TRACE,,,,traders_ml/parameter_sweep/historical_replay.py:30:assignment,trace behavior authority; no direct YAML reference on this expression
traders_ml/parameter_sweep/ui.py,17,POLL_MS,200,POLL_MS,UNKNOWN_REQUIRES_TRACE,,,,traders_ml/parameter_sweep/ui.py:17:assignment,trace behavior authority; no direct YAML reference on this expression
scripts/calibrate_scalping_opportunity_cadence.py,21,FEE_BPS,20.0,FEE_BPS,UNKNOWN_REQUIRES_TRACE,,,,scripts/calibrate_scalping_opportunity_cadence.py:21:assignment,trace behavior authority; no direct YAML reference on this expression
scripts/calibrate_scalping_opportunity_cadence.py,22,SLIPPAGE_BPS,4.0,SLIPPAGE_BPS,UNKNOWN_REQUIRES_TRACE,,,,scripts/calibrate_scalping_opportunity_cadence.py:22:assignment,trace behavior authority; no direct YAML reference on this expression
scripts/calibrate_scalping_opportunity_cadence.py,23,SAFETY_MARGIN_BPS,3.0,SAFETY_MARGIN_BPS,UNKNOWN_REQUIRES_TRACE,,,,scripts/calibrate_scalping_opportunity_cadence.py:23:assignment,trace behavior authority; no direct YAML reference on this expression
scripts/forensic_5m_strategy_cap_replay.py,27,MAX_CURRENT_BOUNDARIES,288,MAX_CURRENT_BOUNDARIES,UNKNOWN_REQUIRES_TRACE,,,,scripts/forensic_5m_strategy_cap_replay.py:27:assignment,trace behavior authority; no direct YAML reference on this expression
scripts/observe_5m_scalping_calibration.py,28,MAX_BOUNDARIES,288,MAX_BOUNDARIES,UNKNOWN_REQUIRES_TRACE,,,,scripts/observe_5m_scalping_calibration.py:28:assignment,trace behavior authority; no direct YAML reference on this expression
scripts/readonly_api_client_smoke.py,51,timeout,12.0,timeout,UNKNOWN_REQUIRES_TRACE,,,,scripts/readonly_api_client_smoke.py:51:function_default,trace behavior authority; no direct YAML reference on this expression
scripts/readonly_api_stability_observer.py,43,MAX_RESPONSE_BYTES,2000000,MAX_RESPONSE_BYTES,UNKNOWN_REQUIRES_TRACE,,,,scripts/readonly_api_stability_observer.py:43:assignment,trace behavior authority; no direct YAML reference on this expression
scripts/readonly_api_stability_observer.py,45,MAX_UNKNOWN_DETAILS,20,MAX_UNKNOWN_DETAILS,UNKNOWN_REQUIRES_TRACE,,,,scripts/readonly_api_stability_observer.py:45:assignment,trace behavior authority; no direct YAML reference on this expression
scripts/readonly_api_stability_observer.py,689,saw_grace,False,saw_grace,UNKNOWN_REQUIRES_TRACE,,,,scripts/readonly_api_stability_observer.py:689:assignment,trace behavior authority; no direct YAML reference on this expression
scripts/readonly_api_stability_observer.py,692,saw_grace,True,saw_grace,UNKNOWN_REQUIRES_TRACE,,,,scripts/readonly_api_stability_observer.py:692:assignment,trace behavior authority; no direct YAML reference on this expression
scripts/replay_5m_causal_target_hierarchy.py,83,horizon_minutes,60,horizon_minutes,UNKNOWN_REQUIRES_TRACE,,,,scripts/replay_5m_causal_target_hierarchy.py:83:function_default,trace behavior authority; no direct YAML reference on this expression
scripts/replay_5m_causal_target_hierarchy.py,97,horizon_minutes,60,horizon_minutes,UNKNOWN_REQUIRES_TRACE,,,,scripts/replay_5m_causal_target_hierarchy.py:97:function_default,trace behavior authority; no direct YAML reference on this expression
../traders-client/src/traders_client/api_contract/models.py,448,limit,50,limit,UNKNOWN_REQUIRES_TRACE,,,,../traders-client/src/traders_client/api_contract/models.py:448:assignment,trace behavior authority; no direct YAML reference on this expression
../traders-client/src/traders_client/api_contract/models.py,472,limit,50,limit,UNKNOWN_REQUIRES_TRACE,,,,../traders-client/src/traders_client/api_contract/models.py:472:assignment,trace behavior authority; no direct YAML reference on this expression
../traders-client/src/traders_client/async_loading/controller.py,142,max_results,20,max_results,UNKNOWN_REQUIRES_TRACE,,,,../traders-client/src/traders_client/async_loading/controller.py:142:function_default,trace behavior authority; no direct YAML reference on this expression
../traders-client/src/traders_client/async_loading/dispatcher.py,14,DEFAULT_DRAIN_INTERVAL_MS,40,DEFAULT_DRAIN_INTERVAL_MS,UNKNOWN_REQUIRES_TRACE,,,,../traders-client/src/traders_client/async_loading/dispatcher.py:14:assignment,trace behavior authority; no direct YAML reference on this expression
../traders-client/src/traders_client/async_loading/dispatcher.py,15,DEFAULT_MAX_RESULTS_PER_TICK,20,DEFAULT_MAX_RESULTS_PER_TICK,UNKNOWN_REQUIRES_TRACE,,,,../traders-client/src/traders_client/async_loading/dispatcher.py:15:assignment,trace behavior authority; no direct YAML reference on this expression
../traders-client/src/traders_client/async_loading/executor.py,16,DEFAULT_MAX_WORKERS,2,DEFAULT_MAX_WORKERS,UNKNOWN_REQUIRES_TRACE,,,,../traders-client/src/traders_client/async_loading/executor.py:16:assignment,trace behavior authority; no direct YAML reference on this expression
../traders-client/src/traders_client/async_loading/executor.py,17,DEFAULT_MAX_PENDING_REQUESTS,16,DEFAULT_MAX_PENDING_REQUESTS,UNKNOWN_REQUIRES_TRACE,,,,../traders-client/src/traders_client/async_loading/executor.py:17:assignment,trace behavior authority; no direct YAML reference on this expression
../traders-client/src/traders_client/config/settings.py,13,DEFAULT_TIMEOUT_SECONDS,60.0,DEFAULT_TIMEOUT_SECONDS,UNKNOWN_REQUIRES_TRACE,,,,../traders-client/src/traders_client/config/settings.py:13:assignment,trace behavior authority; no direct YAML reference on this expression
../traders-client/src/traders_client/config/settings.py,14,DEFAULT_MAX_RESPONSE_BYTES,2000000,DEFAULT_MAX_RESPONSE_BYTES,UNKNOWN_REQUIRES_TRACE,,,,../traders-client/src/traders_client/config/settings.py:14:assignment,trace behavior authority; no direct YAML reference on this expression
../traders-client/src/traders_client/config/settings.py,15,MAX_TIMEOUT_SECONDS,120.0,MAX_TIMEOUT_SECONDS,UNKNOWN_REQUIRES_TRACE,,,,../traders-client/src/traders_client/config/settings.py:15:assignment,trace behavior authority; no direct YAML reference on this expression
../traders-client/src/traders_client/config/settings.py,16,MIN_PRODUCTION_READ_TIMEOUT_SECONDS,60.0,MIN_PRODUCTION_READ_TIMEOUT_SECONDS,UNKNOWN_REQUIRES_TRACE,,,,../traders-client/src/traders_client/config/settings.py:16:assignment,trace behavior authority; no direct YAML reference on this expression
../traders-client/src/traders_client/first_canary_workflow.py,282,active_interval_seconds,3.0,active_interval_seconds,UNKNOWN_REQUIRES_TRACE,,,,../traders-client/src/traders_client/first_canary_workflow.py:282:assignment,trace behavior authority; no direct YAML reference on this expression
../traders-client/src/traders_client/first_canary_workflow.py,283,quiet_interval_seconds,6.0,quiet_interval_seconds,UNKNOWN_REQUIRES_TRACE,,,,../traders-client/src/traders_client/first_canary_workflow.py:283:assignment,trace behavior authority; no direct YAML reference on this expression
../traders-client/src/traders_client/funnel_export.py,24,MAX_PAGE_SIZE,2000,MAX_PAGE_SIZE,UNKNOWN_REQUIRES_TRACE,,,,../traders-client/src/traders_client/funnel_export.py:24:assignment,trace behavior authority; no direct YAML reference on this expression
../traders-client/src/traders_client/funnel_export.py,25,MAX_PAGE_ATTEMPTS,3,MAX_PAGE_ATTEMPTS,UNKNOWN_REQUIRES_TRACE,,,,../traders-client/src/traders_client/funnel_export.py:25:assignment,trace behavior authority; no direct YAML reference on this expression
../traders-client/src/traders_client/funnel_export.py,26,PAGE_READ_TIMEOUT_SECONDS,10.0,PAGE_READ_TIMEOUT_SECONDS,UNKNOWN_REQUIRES_TRACE,,,,../traders-client/src/traders_client/funnel_export.py:26:assignment,trace behavior authority; no direct YAML reference on this expression
../traders-client/src/traders_client/funnel_export.py,126,retry_attempt,0,retry_attempt,UNKNOWN_REQUIRES_TRACE,,,,../traders-client/src/traders_client/funnel_export.py:126:assignment,trace behavior authority; no direct YAML reference on this expression
../traders-client/src/traders_client/i18n/distribution.py,18,MAX_TRANSLATIONS,2000,MAX_TRANSLATIONS,UNKNOWN_REQUIRES_TRACE,,,,../traders-client/src/traders_client/i18n/distribution.py:18:assignment,trace behavior authority; no direct YAML reference on this expression
../traders-client/src/traders_client/models/paper.py,358,max_new_commands,1,max_new_commands,UNKNOWN_REQUIRES_TRACE,,,,../traders-client/src/traders_client/models/paper.py:358:assignment,trace behavior authority; no direct YAML reference on this expression
../traders-client/src/traders_client/models/paper.py,359,max_open_positions,1,max_open_positions,UNKNOWN_REQUIRES_TRACE,,,,../traders-client/src/traders_client/models/paper.py:359:assignment,trace behavior authority; no direct YAML reference on this expression
../traders-client/src/traders_client/models/paper.py,383,max_new_commands,1,max_new_commands,UNKNOWN_REQUIRES_TRACE,,,,../traders-client/src/traders_client/models/paper.py:383:assignment,trace behavior authority; no direct YAML reference on this expression
../traders-client/src/traders_client/models/paper.py,384,max_open_positions,1,max_open_positions,UNKNOWN_REQUIRES_TRACE,,,,../traders-client/src/traders_client/models/paper.py:384:assignment,trace behavior authority; no direct YAML reference on this expression
../traders-client/src/traders_client/providers/paper.py,21,PAPER_DEFAULT_LIMIT,50,PAPER_DEFAULT_LIMIT,UNKNOWN_REQUIRES_TRACE,,,,../traders-client/src/traders_client/providers/paper.py:21:assignment,trace behavior authority; no direct YAML reference on this expression
../traders-client/src/traders_client/providers/paper.py,22,PAPER_MAX_LIMIT,100,PAPER_MAX_LIMIT,UNKNOWN_REQUIRES_TRACE,,,,../traders-client/src/traders_client/providers/paper.py:22:assignment,trace behavior authority; no direct YAML reference on this expression
../traders-client/scripts/gui_auto_refresh_smoke.py,23,timeout,4.0,timeout,UNKNOWN_REQUIRES_TRACE,,,,../traders-client/scripts/gui_auto_refresh_smoke.py:23:function_default,trace behavior authority; no direct YAML reference on this expression
../traders-client/scripts/gui_smoke.py,26,timeout,3.0,timeout,UNKNOWN_REQUIRES_TRACE,,,,../traders-client/scripts/gui_smoke.py:26:function_default,trace behavior authority; no direct YAML reference on this expression
../traders-client/scripts/gui_tk_grab_language_smoke.py,24,timeout,15.0,timeout,UNKNOWN_REQUIRES_TRACE,,,,../traders-client/scripts/gui_tk_grab_language_smoke.py:24:function_default,trace behavior authority; no direct YAML reference on this expression
